time_ps,volume_A3,temperature_K,density_g_cm3,mc_accept_pct,mc_volume_scale_A3
0.0000,3750.6364,310.54,0.99698,nan,37.506
0.0100,3750.6364,297.00,0.99698,nan,37.506
0.0200,3717.9040,316.52,1.00576,100.0,37.506
0.0300,3706.6028,307.79,1.00883,100.0,37.506
0.0400,3705.9052,312.98,1.00902,100.0,37.506
0.0500,3696.7522,296.85,1.01152,100.0,37.506
0.0600,3696.7522,321.70,1.01152,100.0,37.506
0.0700,3696.7375,326.31,1.01152,100.0,37.506
0.0800,3678.2848,312.89,1.01660,100.0,37.506
0.0900,3654.9940,296.23,1.02307,100.0,37.506
0.1000,3654.9940,282.00,1.02307,87.5,37.506
0.1100,3654.9940,289.10,1.02307,87.5,37.506
0.1200,3675.8642,285.55,1.01726,88.9,37.506
0.1300,3658.1774,277.46,1.02218,90.0,41.257
0.1400,3630.3832,284.94,1.03001,90.9,41.257
0.1500,3630.3832,287.88,1.03001,83.3,41.257
0.1600,3630.3832,294.38,1.03001,83.3,41.257
0.1700,3630.3832,294.45,1.03001,76.9,41.257
0.1800,3617.0689,277.18,1.03380,78.6,41.257
0.1900,3617.0689,297.40,1.03380,73.3,41.257
0.2000,3619.0096,287.15,1.03325,75.0,41.257
0.2100,3619.0096,279.90,1.03325,75.0,41.257
0.2200,3610.9860,286.60,1.03554,76.5,41.257
0.2300,3610.9860,286.49,1.03554,72.2,41.257
0.2400,3608.3345,281.41,1.03630,73.7,41.257
0.2500,3608.3345,295.81,1.03630,70.0,41.257
0.2600,3608.3345,300.83,1.03630,70.0,41.257
0.2700,3608.3345,285.81,1.03630,66.7,41.257
0.2800,3578.0547,281.19,1.04507,68.2,41.257
0.2900,3549.2842,287.26,1.05354,69.6,41.257
0.3000,3552.4735,287.38,1.05260,70.8,41.257
0.3100,3552.4735,279.78,1.05260,70.8,41.257
0.3200,3552.4735,289.90,1.05260,68.0,41.257
0.3300,3587.8761,303.78,1.04221,69.2,41.257
0.3400,3573.1324,279.72,1.04651,70.4,41.257
0.3500,3598.8360,292.62,1.03904,71.4,41.257
0.3600,3598.8360,289.69,1.03904,71.4,41.257
0.3700,3598.8360,290.42,1.03904,69.0,41.257
0.3800,3625.1445,291.33,1.03150,70.0,41.257
0.3900,3635.7607,305.04,1.02849,71.0,41.257
0.4000,3647.7294,307.38,1.02511,71.9,41.257
0.4100,3647.7294,321.08,1.02511,71.9,41.257
0.4200,3647.7294,297.80,1.02511,69.7,41.257
0.4300,3630.9612,305.17,1.02984,70.6,41.257
0.4400,3630.9612,305.33,1.02984,68.6,41.257
0.4500,3639.6808,303.80,1.02738,69.4,41.257
0.4600,3639.6808,307.96,1.02738,69.4,41.257
0.4700,3639.6808,324.37,1.02738,67.6,41.257
0.4800,3639.6808,315.42,1.02738,65.8,41.257
0.4900,3639.6808,288.23,1.02738,64.1,41.257
0.5000,3639.6808,305.32,1.02738,62.5,41.257
0.5100,3639.6808,298.40,1.02738,62.5,41.257
0.5200,3639.6808,307.26,1.02738,61.0,41.257
0.5300,3633.8155,308.27,1.02904,61.9,41.257
0.5400,3633.8155,311.19,1.02904,60.5,41.257
0.5500,3630.1374,308.09,1.03008,61.4,41.257
0.5600,3630.1374,310.00,1.03008,61.4,41.257
0.5700,3630.1374,312.18,1.03008,60.0,41.257
0.5800,3652.7960,310.73,1.02369,60.9,41.257
0.5900,3652.7960,312.31,1.02369,59.6,41.257
0.6000,3644.2289,303.47,1.02610,60.4,41.257
0.6100,3644.2289,313.71,1.02610,60.4,41.257
0.6200,3644.2289,315.49,1.02610,59.2,41.257
0.6300,3636.6097,314.27,1.02825,60.0,41.257
0.6400,3603.1839,305.11,1.03778,60.8,41.257
0.6500,3581.7136,293.88,1.04400,61.5,41.257
0.6600,3581.7136,298.34,1.04400,61.5,41.257
0.6700,3588.0115,288.96,1.04217,62.3,41.257
0.6800,3569.3958,292.04,1.04761,63.0,41.257
0.6900,3588.1172,308.14,1.04214,63.6,41.257
0.7000,3595.6050,314.31,1.03997,64.3,41.257
0.7100,3595.6050,293.87,1.03997,64.3,41.257
0.7200,3595.6050,299.24,1.03997,63.2,41.257
0.7300,3613.2312,305.17,1.03490,63.8,41.257
0.7400,3642.5096,287.96,1.02658,64.4,41.257
0.7500,3642.5096,295.47,1.02658,63.3,41.257
0.7600,3642.5096,297.13,1.02658,63.3,41.257
0.7700,3642.5096,317.20,1.02658,62.3,41.257
0.7800,3648.2106,307.18,1.02498,62.9,41.257
0.7900,3648.2106,307.18,1.02498,61.9,41.257
0.8000,3672.4247,305.65,1.01822,62.5,41.257
0.8100,3672.4247,311.11,1.01822,62.5,41.257
0.8200,3711.7171,319.34,1.00744,63.1,41.257
0.8300,3731.0646,318.88,1.00221,63.6,41.257
0.8400,3731.0646,313.27,1.00221,62.7,41.257
0.8500,3731.0646,305.04,1.00221,61.8,41.257
0.8600,3731.0646,316.96,1.00221,61.8,41.257
0.8700,3731.0646,307.57,1.00221,60.9,41.257
0.8800,3723.6953,301.46,1.00420,61.4,41.257
0.8900,3715.5863,295.53,1.00639,62.0,41.257
0.9000,3715.5863,311.36,1.00639,61.1,41.257
0.9100,3715.5863,288.96,1.00639,61.1,41.257
0.9200,3689.5127,294.22,1.01350,61.6,41.257
0.9300,3689.5127,300.67,1.01350,60.8,41.257
0.9400,3689.5127,297.81,1.01350,60.0,41.257
0.9500,3674.1513,295.63,1.01774,60.5,41.257
0.9600,3674.1513,313.24,1.01774,60.5,41.257
0.9700,3668.3562,305.65,1.01935,61.0,41.257
0.9800,3628.2245,307.62,1.03062,61.5,41.257
0.9900,3636.9686,305.91,1.02814,62.0,41.257
1.0000,3620.2491,298.56,1.03289,62.5,41.257
1.0100,3620.2491,311.78,1.03289,62.5,41.257
1.0200,3618.3800,301.53,1.03343,63.0,41.257
1.0300,3625.6171,304.36,1.03136,63.4,41.257
1.0400,3625.6171,311.48,1.03136,62.7,41.257
1.0500,3605.3330,309.46,1.03717,63.1,41.257
1.0600,3605.3330,301.53,1.03717,63.1,41.257
1.0700,3605.3330,314.60,1.03717,62.4,41.257
1.0800,3605.3330,319.84,1.03717,61.6,41.257
1.0900,3611.0377,300.74,1.03553,62.1,41.257
1.1000,3611.0377,291.23,1.03553,61.4,41.257
1.1100,3611.0377,287.59,1.03553,61.4,41.257
1.1200,3611.0377,282.74,1.03553,60.7,41.257
1.1300,3611.0377,292.27,1.03553,60.0,41.257
1.1400,3585.5271,270.43,1.04289,60.4,41.257
1.1500,3576.5765,297.76,1.04550,60.9,41.257
1.1600,3576.5765,287.25,1.04550,60.9,41.257
1.1700,3576.5765,300.48,1.04550,60.2,41.257
1.1800,3565.7565,279.07,1.04868,60.6,41.257
1.1900,3565.7565,290.28,1.04868,60.0,41.257
1.2000,3565.7565,297.51,1.04868,59.4,41.257
1.2100,3565.7565,302.83,1.04868,59.4,41.257
1.2200,3544.4116,296.98,1.05499,59.8,41.257
1.2300,3573.2682,295.52,1.04647,60.2,41.257
1.2400,3573.2682,297.29,1.04647,59.6,41.257
1.2500,3598.7267,287.44,1.03907,60.0,41.257
1.2600,3598.7267,283.28,1.03907,60.0,41.257
1.2700,3570.7860,282.32,1.04720,60.4,41.257
1.2800,3570.7860,292.28,1.04720,59.8,41.257
1.2900,3540.8101,300.64,1.05607,60.2,41.257
1.3000,3564.3805,283.23,1.04908,60.6,41.257
1.3100,3564.3805,279.58,1.04908,60.6,41.257
1.3200,3564.3805,288.55,1.04908,60.0,41.257
1.3300,3580.1051,303.80,1.04447,60.4,41.257
1.3400,3580.1051,311.80,1.04447,59.8,41.257
1.3500,3580.1051,291.30,1.04447,59.3,41.257
1.3600,3580.1051,276.17,1.04447,59.3,41.257
1.3700,3580.1051,282.39,1.04447,58.7,41.257
1.3800,3591.8739,269.86,1.04105,59.1,41.257
1.3900,3591.8739,275.88,1.04105,58.6,41.257
1.4000,3591.8739,271.79,1.04105,58.0,41.257
1.4100,3591.8739,291.58,1.04105,58.0,41.257
1.4200,3583.3019,280.96,1.04354,58.4,41.257
1.4300,3583.3019,277.16,1.04354,57.9,41.257
1.4400,3610.4195,274.43,1.03570,58.3,41.257
1.4500,3610.4195,308.87,1.03570,57.8,41.257
1.4600,3610.4195,298.77,1.03570,57.8,41.257
1.4700,3610.4195,285.63,1.03570,57.3,41.257
1.4800,3632.6542,290.35,1.02936,57.6,41.257
1.4900,3643.1266,293.70,1.02641,58.0,41.257
1.5000,3629.0435,285.80,1.03039,58.3,41.257
1.5100,3629.0435,288.91,1.03039,58.3,41.257
1.5200,3631.3600,296.45,1.02973,58.7,41.257
1.5300,3592.0960,318.99,1.04099,59.0,41.257
1.5400,3592.0960,310.61,1.04099,58.5,41.257
1.5500,3586.0735,301.62,1.04274,58.9,41.257
1.5600,3586.0735,321.91,1.04274,58.9,41.257
1.5700,3586.0735,321.37,1.04274,58.4,41.257
1.5800,3572.3399,317.91,1.04674,58.7,41.257
1.5900,3572.3399,292.96,1.04674,58.3,41.257
1.6000,3572.3399,296.43,1.04674,57.8,41.257
1.6100,3572.3399,299.29,1.04674,57.8,41.257
1.6200,3557.9758,281.90,1.05097,58.1,41.257
1.6300,3584.0171,293.34,1.04333,58.5,41.257
1.6400,3584.0171,300.86,1.04333,58.0,41.257
1.6500,3584.0171,288.00,1.04333,57.6,41.257
1.6600,3584.0171,300.35,1.04333,57.6,41.257
1.6700,3585.9230,296.63,1.04278,57.9,41.257
1.6800,3585.9230,280.70,1.04278,57.5,41.257
1.6900,3585.9230,289.53,1.04278,57.0,41.257
1.7000,3585.9230,301.32,1.04278,56.6,41.257
1.7100,3585.9230,310.93,1.04278,56.6,41.257
1.7200,3585.9230,303.37,1.04278,56.2,41.257
1.7300,3585.9230,313.15,1.04278,55.8,41.257
1.7400,3585.9230,305.83,1.04278,55.4,41.257
1.7500,3600.8309,324.06,1.03846,55.7,41.257
1.7600,3600.8309,324.96,1.03846,55.7,41.257
1.7700,3600.8309,319.97,1.03846,55.3,41.257
1.7800,3600.8309,343.35,1.03846,54.9,41.257
1.7900,3600.8309,328.95,1.03846,54.5,41.257
1.8000,3585.9537,314.50,1.04277,54.9,41.257
1.8100,3585.9537,323.02,1.04277,54.9,41.257
1.8200,3610.8161,314.66,1.03559,55.2,41.257
1.8300,3610.8161,318.11,1.03559,54.8,41.257
1.8400,3610.8161,326.55,1.03559,54.4,41.257
1.8500,3600.0329,300.93,1.03869,54.7,41.257
1.8600,3600.0329,298.52,1.03869,54.7,41.257
1.8700,3600.0329,326.34,1.03869,54.4,41.257
1.8800,3619.3485,301.72,1.03315,54.7,41.257
1.8900,3619.3485,301.64,1.03315,54.3,41.257
1.9000,3619.3485,309.97,1.03315,53.9,41.257
1.9100,3619.3485,308.72,1.03315,53.9,41.257
1.9200,3611.5217,304.31,1.03539,54.2,41.257
1.9300,3640.1361,304.16,1.02725,54.5,41.257
1.9400,3650.7883,307.58,1.02425,54.8,41.257
1.9500,3677.6388,313.30,1.01677,55.1,41.257
1.9600,3677.6388,301.07,1.01677,55.1,41.257
1.9700,3704.2998,310.93,1.00946,55.4,41.257
1.9800,3704.2998,315.29,1.00946,55.1,41.257
1.9900,3728.9701,303.71,1.00278,55.3,41.257
2.0000,3728.9701,308.10,1.00278,55.0,41.257
2.0100,3728.9701,305.68,1.00278,55.0,41.257
2.0200,3744.7756,306.94,0.99854,55.3,41.257
2.0300,3729.1781,309.42,1.00272,55.6,41.257
2.0400,3729.1781,308.15,1.00272,55.2,41.257
2.0500,3729.1781,311.98,1.00272,54.9,41.257
2.0600,3729.1781,303.71,1.00272,54.9,41.257
2.0700,3729.1781,299.14,1.00272,54.5,41.257
2.0800,3768.2626,305.97,0.99232,54.8,41.257
2.0900,3759.1651,287.57,0.99472,55.1,41.257
2.1000,3744.7182,297.83,0.99856,55.4,41.257
2.1100,3744.7182,298.64,0.99856,55.4,41.257
2.1200,3744.7182,281.64,0.99856,55.0,41.257
2.1300,3739.7250,298.93,0.99989,55.3,41.257
2.1400,3718.5702,305.65,1.00558,55.6,41.257
2.1500,3724.7438,320.70,1.00392,55.8,41.257
2.1600,3724.7438,305.60,1.00392,55.8,41.257
2.1700,3724.2227,306.40,1.00406,56.1,41.257
2.1800,3724.2227,285.28,1.00406,55.7,41.257
2.1900,3708.2104,295.60,1.00839,56.0,41.257
2.2000,3675.2988,308.91,1.01742,56.2,41.257
2.2100,3675.2988,315.75,1.01742,56.2,41.257
2.2200,3675.2988,301.66,1.01742,55.9,41.257
2.2300,3675.2988,305.35,1.01742,55.6,41.257
2.2400,3675.2988,308.40,1.01742,55.3,41.257
2.2500,3675.2988,298.62,1.01742,55.0,41.257
2.2600,3675.2988,296.38,1.01742,55.0,41.257
2.2700,3675.2988,302.60,1.01742,54.7,41.257
2.2800,3675.2988,273.22,1.01742,54.4,41.257
2.2900,3675.2988,291.24,1.01742,54.1,41.257
2.3000,3675.2988,289.11,1.01742,53.8,41.257
2.3100,3675.2988,292.82,1.01742,53.8,41.257
2.3200,3687.7441,290.41,1.01399,54.1,41.257
2.3300,3670.7477,283.20,1.01868,54.3,41.257
2.3400,3670.7477,296.63,1.01868,54.0,41.257
2.3500,3670.1300,302.65,1.01885,54.3,41.257
2.3600,3670.1300,306.60,1.01885,54.3,41.257
2.3700,3670.1300,291.15,1.01885,54.0,41.257
2.3800,3685.6154,305.00,1.01457,54.2,41.257
2.3900,3685.6154,304.88,1.01457,53.9,41.257
2.4000,3725.6100,313.03,1.00368,54.2,41.257
2.4100,3725.6100,295.75,1.00368,54.2,41.257
2.4200,3721.3811,292.17,1.00482,54.4,41.257
2.4300,3721.3811,286.69,1.00482,54.1,41.257
2.4400,3721.3811,283.29,1.00482,53.8,41.257
2.4500,3721.3811,298.28,1.00482,53.6,41.257
2.4600,3721.3811,305.01,1.00482,53.6,41.257
2.4700,3736.4564,283.92,1.00077,53.8,41.257
2.4800,3737.8716,284.50,1.00039,54.0,41.257
2.4900,3754.2153,303.61,0.99603,54.3,41.257
2.5000,3776.7357,298.08,0.99009,54.5,41.257
2.5100,3776.7357,285.90,0.99009,54.5,41.257
2.5200,3739.0573,298.65,1.00007,54.7,41.257
2.5300,3739.0573,309.46,1.00007,54.5,41.257
2.5400,3739.0573,301.69,1.00007,54.2,41.257
2.5500,3739.0573,294.38,1.00007,53.9,41.257
2.5600,3739.0573,305.06,1.00007,53.9,41.257
2.5700,3719.9085,314.98,1.00522,54.1,41.257
2.5800,3719.9085,306.89,1.00522,53.9,41.257
2.5900,3719.9085,287.64,1.00522,53.6,41.257
2.6000,3719.9085,299.64,1.00522,53.4,41.257
2.6100,3719.9085,295.15,1.00522,53.4,41.257
2.6200,3719.9085,301.66,1.00522,53.1,41.257
2.6300,3719.9085,295.32,1.00522,52.9,41.257
2.6400,3719.9085,315.36,1.00522,52.6,41.257
2.6500,3719.9085,314.71,1.00522,52.4,41.257
2.6600,3719.9085,302.01,1.00522,52.4,41.257
2.6700,3720.5053,294.52,1.00506,52.6,41.257
2.6800,3708.9359,325.84,1.00819,52.8,41.257
2.6900,3695.3122,302.61,1.01191,53.0,41.257
2.7000,3695.3122,307.29,1.01191,52.8,41.257
2.7100,3695.3122,323.30,1.01191,52.8,41.257
2.7200,3657.5051,318.85,1.02237,53.0,41.257
2.7300,3657.5051,306.47,1.02237,52.8,41.257
2.7400,3633.6347,307.62,1.02909,53.0,41.257
2.7500,3637.9323,314.70,1.02787,53.2,41.257
2.7600,3637.9323,313.08,1.02787,53.2,41.257
2.7700,3657.2451,300.83,1.02244,53.4,41.257
2.7800,3657.2451,294.14,1.02244,53.2,41.257
2.7900,3657.2451,315.36,1.02244,52.9,41.257
2.8000,3624.5626,306.29,1.03166,53.1,41.257
2.8100,3624.5626,308.45,1.03166,53.1,41.257
2.8200,3617.1284,303.52,1.03378,53.3,41.257
2.8300,3623.9066,281.55,1.03185,53.5,41.257
2.8400,3644.6019,304.01,1.02599,53.7,41.257
2.8500,3644.6019,299.36,1.02599,53.5,41.257
2.8600,3644.6019,291.18,1.02599,53.5,41.257
2.8700,3638.8753,292.92,1.02760,53.7,41.257
2.8800,3638.8753,304.02,1.02760,53.5,41.257
2.8900,3613.7166,305.41,1.03476,53.7,41.257
2.9000,3615.3507,295.49,1.03429,53.9,41.257
2.9100,3615.3507,277.02,1.03429,53.9,41.257
2.9200,3615.3507,288.32,1.03429,53.6,41.257
2.9300,3615.3507,282.26,1.03429,53.4,41.257
2.9400,3623.6228,293.80,1.03193,53.6,41.257
2.9500,3623.8986,314.28,1.03185,53.8,41.257
2.9600,3623.8986,302.74,1.03185,53.8,41.257
2.9700,3623.8986,284.11,1.03185,53.6,41.257
2.9800,3618.4488,295.87,1.03341,53.8,41.257
2.9900,3618.4488,299.94,1.03341,53.6,41.257
3.0000,3610.0478,308.69,1.03581,53.8,41.257
3.0100,3610.0478,298.79,1.03581,53.8,41.257
3.0200,3610.0478,302.12,1.03581,53.5,41.257
3.0300,3610.0478,288.37,1.03581,53.3,41.257
3.0400,3610.0478,263.90,1.03581,53.1,41.257
3.0500,3610.0478,287.20,1.03581,52.9,41.257
3.0600,3610.0478,294.12,1.03581,52.9,41.257
3.0700,3610.0478,277.89,1.03581,52.7,41.257
3.0800,3580.9515,286.97,1.04423,52.8,41.257
3.0900,3580.9515,267.28,1.04423,52.6,41.257
3.1000,3575.7428,268.30,1.04575,52.8,41.257
3.1100,3575.7428,283.60,1.04575,52.8,41.257
3.1200,3575.7428,275.43,1.04575,52.6,41.257
3.1300,3575.7428,283.65,1.04575,52.4,41.257
3.1400,3575.7428,280.65,1.04575,52.2,41.257
3.1500,3546.9999,297.49,1.05422,52.4,41.257
3.1600,3546.9999,301.16,1.05422,52.4,41.257
3.1700,3536.3522,291.94,1.05740,52.6,41.257
3.1800,3536.3522,284.96,1.05740,52.4,41.257
3.1900,3536.3522,280.64,1.05740,52.2,41.257
3.2000,3528.7092,287.15,1.05969,52.3,41.257
3.2100,3528.7092,295.93,1.05969,52.3,41.257
3.2200,3568.5488,299.40,1.04786,52.5,41.257
3.2300,3568.5488,295.79,1.04786,52.3,41.257
3.2400,3582.4916,277.57,1.04378,52.5,41.257
3.2500,3582.4916,283.60,1.04378,52.3,41.257
3.2600,3582.4916,267.73,1.04378,52.3,41.257
3.2700,3582.4916,286.00,1.04378,52.1,41.257
3.2800,3569.9143,296.77,1.04746,52.3,41.257
3.2900,3544.5743,292.01,1.05494,52.5,41.257
3.3000,3566.4350,300.77,1.04848,52.7,41.257
3.3100,3566.4350,272.72,1.04848,52.7,41.257
3.3200,3547.3981,282.63,1.05410,52.8,41.257
3.3300,3570.8953,295.10,1.04717,53.0,41.257
3.3400,3570.8953,278.63,1.04717,52.8,41.257
3.3500,3611.7450,293.16,1.03532,53.0,41.257
3.3600,3611.7450,284.50,1.03532,53.0,41.257
3.3700,3595.9043,281.15,1.03988,53.2,41.257
3.3800,3595.9043,296.55,1.03988,53.0,41.257
3.3900,3598.9868,285.45,1.03899,53.1,41.257
3.4000,3573.6266,293.43,1.04637,53.3,41.257
3.4100,3573.6266,297.52,1.04637,53.3,41.257
3.4200,3578.6118,295.65,1.04491,53.5,41.257
3.4300,3564.9142,276.49,1.04892,53.6,41.257
3.4400,3547.8742,279.95,1.05396,53.8,41.257
3.4500,3512.2272,282.36,1.06466,54.0,41.257
3.4600,3512.2272,289.65,1.06466,54.0,41.257
3.4700,3498.4019,317.22,1.06887,54.2,41.257
3.4800,3498.4019,312.24,1.06887,54.0,41.257
3.4900,3510.4183,321.39,1.06521,54.1,41.257
3.5000,3510.4183,304.73,1.06521,53.9,41.257
3.5100,3510.4183,308.72,1.06521,53.9,41.257
3.5200,3532.4238,318.41,1.05857,54.1,41.257
3.5300,3532.4238,311.47,1.05857,53.9,41.257
3.5400,3512.9538,305.35,1.06444,54.1,41.257
3.5500,3499.8270,301.65,1.06843,54.2,41.257
3.5600,3499.8270,320.56,1.06843,54.2,41.257
3.5700,3520.8500,310.10,1.06205,54.4,41.257
3.5800,3520.8500,312.59,1.06205,54.2,41.257
3.5900,3520.8500,293.08,1.06205,54.0,41.257
3.6000,3516.0375,305.30,1.06351,54.2,41.257
3.6100,3516.0375,305.23,1.06351,54.2,41.257
3.6200,3528.3991,307.82,1.05978,54.3,41.257
3.6300,3528.3991,289.38,1.05978,54.1,41.257
3.6400,3506.6808,290.20,1.06634,54.3,41.257
3.6500,3527.3567,298.97,1.06009,54.5,41.257
3.6600,3527.3567,285.46,1.06009,54.5,41.257
3.6700,3530.5967,290.92,1.05912,54.6,41.257
3.6800,3561.3153,285.83,1.04998,54.8,41.257
3.6900,3561.3153,279.33,1.04998,54.6,41.257
3.7000,3561.3153,299.70,1.04998,54.4,41.257
3.7100,3561.3153,305.20,1.04998,54.4,41.257
3.7200,3537.8897,291.52,1.05694,54.5,41.257
3.7300,3539.7624,313.07,1.05638,54.7,41.257
3.7400,3539.7624,294.05,1.05638,54.5,41.257
3.7500,3502.1241,311.27,1.06773,54.7,41.257
3.7600,3502.1241,296.50,1.06773,54.7,41.257
3.7700,3502.1241,293.53,1.06773,54.5,41.257
3.7800,3502.1241,288.61,1.06773,54.3,41.257
3.7900,3502.1241,290.98,1.06773,54.1,41.257
3.8000,3504.3870,268.92,1.06704,54.3,41.257
3.8100,3504.3870,285.61,1.06704,54.3,41.257
3.8200,3505.5041,300.45,1.06670,54.4,41.257
3.8300,3486.1910,296.11,1.07261,54.6,41.257
3.8400,3487.9015,291.73,1.07208,54.7,41.257
3.8500,3468.5158,277.49,1.07808,54.9,41.257
3.8600,3468.5158,286.67,1.07808,54.9,41.257
3.8700,3468.5158,307.54,1.07808,54.7,41.257
3.8800,3488.2287,302.87,1.07198,54.8,41.257
3.8900,3488.2287,288.17,1.07198,54.7,41.257
3.9000,3488.2287,304.56,1.07198,54.5,41.257
3.9100,3488.2287,307.62,1.07198,54.5,41.257
3.9200,3488.2287,319.37,1.07198,54.3,41.257
3.9300,3508.5717,297.34,1.06577,54.5,41.257
3.9400,3513.3648,285.31,1.06431,54.6,41.257
3.9500,3513.3648,284.81,1.06431,54.4,41.257
3.9600,3513.3648,299.58,1.06431,54.4,41.257
3.9700,3513.3648,308.44,1.06431,54.3,41.257
3.9800,3513.3648,317.57,1.06431,54.1,41.257
3.9900,3513.3648,298.59,1.06431,53.9,41.257
4.0000,3506.6690,289.77,1.06635,54.1,41.257
4.0100,3506.6690,289.52,1.06635,54.1,41.257
4.0200,3513.9370,280.50,1.06414,54.2,41.257
4.0300,3520.2298,300.07,1.06224,54.3,41.257
4.0400,3520.2298,271.80,1.06224,54.2,41.257
4.0500,3533.6983,280.03,1.05819,54.3,41.257
4.0600,3533.6983,292.20,1.05819,54.3,41.257
4.0700,3500.2793,287.67,1.06829,54.5,41.257
4.0800,3500.2793,283.27,1.06829,54.3,41.257
4.0900,3508.4661,275.13,1.06580,54.4,41.257
4.1000,3508.4661,286.41,1.06580,54.3,41.257
4.1100,3508.4661,282.76,1.06580,54.3,41.257
4.1200,3541.6549,271.03,1.05581,54.4,41.257
4.1300,3569.5619,276.80,1.04756,54.5,41.257
4.1400,3553.8674,295.11,1.05219,54.7,41.257
4.1500,3553.8674,301.38,1.05219,54.5,41.257
4.1600,3553.8674,279.70,1.05219,54.5,41.257
4.1700,3553.8674,272.03,1.05219,54.4,41.257
4.1800,3553.8674,282.98,1.05219,54.2,41.257
4.1900,3553.8674,282.46,1.05219,54.0,41.257
4.2000,3521.9156,279.07,1.06173,54.2,41.257
4.2100,3521.9156,296.58,1.06173,54.2,41.257
4.2200,3502.0610,273.00,1.06775,54.3,41.257
4.2300,3528.3376,278.66,1.05980,54.4,41.257
4.2400,3528.3376,285.50,1.05980,54.3,41.257
4.2500,3528.3376,282.39,1.05980,54.1,41.257
4.2600,3528.3376,291.73,1.05980,54.1,41.257
4.2700,3523.1933,291.62,1.06135,54.3,41.257
4.2800,3530.1161,295.79,1.05926,54.4,41.257
4.2900,3530.1161,289.34,1.05926,54.2,41.257
4.3000,3538.5004,293.10,1.05675,54.4,41.257
4.3100,3538.5004,304.12,1.05675,54.4,41.257
4.3200,3576.4079,296.07,1.04555,54.5,41.257
4.3300,3576.4079,307.10,1.04555,54.3,41.257
4.3400,3576.4079,285.06,1.04555,54.2,41.257
4.3500,3568.3957,296.26,1.04790,54.3,41.257
4.3600,3568.3957,277.12,1.04790,54.3,41.257
4.3700,3569.0973,298.21,1.04770,54.4,41.257
4.3800,3569.0973,291.73,1.04770,54.3,41.257
4.3900,3573.1664,280.19,1.04650,54.4,41.257
4.4000,3573.1664,281.23,1.04650,54.3,41.257
4.4100,3573.1664,276.18,1.04650,54.3,41.257
4.4200,3573.1664,280.18,1.04650,54.1,41.257
4.4300,3591.3741,277.52,1.04120,54.2,41.257
4.4400,3590.5413,274.87,1.04144,54.4,41.257
4.4500,3590.5413,295.37,1.04144,54.2,41.257
4.4600,3590.5413,284.05,1.04144,54.2,41.257
4.4700,3600.8124,274.84,1.03847,54.3,41.257
4.4800,3601.5315,278.27,1.03826,54.5,41.257
4.4900,3601.5315,278.61,1.03826,54.3,41.257
4.5000,3611.7182,275.52,1.03533,54.4,41.257
4.5100,3611.7182,266.08,1.03533,54.4,41.257
4.5200,3610.2730,275.74,1.03575,54.6,41.257
4.5300,3588.0958,280.41,1.04215,54.7,41.257
4.5400,3588.0958,297.35,1.04215,54.5,41.257
4.5500,3564.0863,273.98,1.04917,54.7,41.257
4.5600,3564.0863,276.56,1.04917,54.7,41.257
4.5700,3568.1201,299.92,1.04798,54.8,41.257
4.5800,3555.2769,284.61,1.05177,54.9,41.257
4.5900,3555.2769,290.37,1.05177,54.8,41.257
4.6000,3555.2769,301.13,1.05177,54.6,41.257
4.6100,3555.2769,296.53,1.05177,54.6,41.257
4.6200,3556.5874,315.95,1.05138,54.7,41.257
4.6300,3556.5874,306.58,1.05138,54.6,41.257
4.6400,3575.7224,296.59,1.04575,54.7,41.257
4.6500,3575.7224,282.80,1.04575,54.6,41.257
4.6600,3575.7224,294.15,1.04575,54.6,41.257
4.6700,3575.7224,301.70,1.04575,54.4,41.257
4.6800,3558.6424,298.37,1.05077,54.5,41.257
4.6900,3558.6424,281.08,1.05077,54.4,41.257
4.7000,3558.6424,301.69,1.05077,54.3,41.257
4.7100,3558.6424,299.71,1.05077,54.3,41.257
4.7200,3558.6424,296.07,1.05077,54.1,41.257
4.7300,3558.6424,285.47,1.05077,54.0,41.257
4.7400,3558.6424,288.40,1.05077,53.8,41.257
4.7500,3562.3236,280.48,1.04969,53.9,41.257
4.7600,3562.3236,291.65,1.04969,53.9,41.257
4.7700,3543.3516,309.95,1.05531,54.1,41.257
4.7800,3543.3516,307.09,1.05531,53.9,41.257
4.7900,3529.5515,307.60,1.05943,54.0,41.257
4.8000,3565.5743,309.77,1.04873,54.2,41.257
4.8100,3565.5743,286.32,1.04873,54.2,41.257
4.8200,3591.3447,283.17,1.04121,54.3,41.257
4.8300,3589.1393,294.21,1.04184,54.4,41.257
4.8400,3605.3742,303.60,1.03715,54.5,41.257
4.8500,3605.3742,301.99,1.03715,54.4,41.257
4.8600,3605.3742,287.52,1.03715,54.4,41.257
4.8700,3613.0130,280.45,1.03496,54.5,41.257
4.8800,3613.0130,291.86,1.03496,54.4,41.257
4.8900,3613.0130,285.39,1.03496,54.2,41.257
4.9000,3613.0130,271.63,1.03496,54.1,41.257
4.9100,3613.0130,291.17,1.03496,54.1,41.257
4.9200,3592.1782,275.85,1.04096,54.2,41.257
4.9300,3592.1782,286.17,1.04096,54.1,41.257
4.9400,3592.1782,301.29,1.04096,53.9,41.257
4.9500,3589.2114,292.22,1.04182,54.0,41.257
4.9600,3589.2114,296.40,1.04182,54.0,41.257
4.9700,3589.2114,308.98,1.04182,53.9,41.257
4.9800,3588.5531,298.78,1.04202,54.0,41.257
4.9900,3591.8297,306.55,1.04106,54.1,41.257
5.0000,3585.2685,295.95,1.04297,54.2,41.257
5.0100,3585.2685,299.55,1.04297,54.2,41.257
5.0200,3582.8319,313.58,1.04368,54.4,41.257
5.0300,3582.8319,320.99,1.04368,54.2,41.257
5.0400,3552.6302,314.52,1.05255,54.3,41.257
5.0500,3590.6685,316.03,1.04140,54.5,41.257
5.0600,3590.6685,305.20,1.04140,54.5,41.257
5.0700,3590.6685,300.73,1.04140,54.3,41.257
5.0800,3590.6685,325.40,1.04140,54.2,41.257
5.0900,3585.8205,315.79,1.04281,54.3,41.257
5.1000,3582.6091,308.99,1.04374,54.4,41.257
5.1100,3582.6091,311.24,1.04374,54.4,41.257
5.1200,3600.6902,323.20,1.03850,54.5,41.257
5.1300,3600.6902,300.90,1.03850,54.4,41.257
5.1400,3600.6902,314.91,1.03850,54.3,41.257
5.1500,3581.3180,302.67,1.04412,54.4,41.257
5.1600,3581.3180,299.33,1.04412,54.4,41.257
5.1700,3581.3180,289.45,1.04412,54.2,41.257
5.1800,3598.4500,293.71,1.03915,54.3,41.257
5.1900,3608.1594,294.86,1.03635,54.5,41.257
5.2000,3608.1594,297.38,1.03635,54.3,41.257
5.2100,3608.1594,291.31,1.03635,54.3,41.257
5.2200,3608.1594,292.42,1.03635,54.2,41.257
5.2300,3580.8387,297.17,1.04426,54.3,41.257
5.2400,3580.8387,289.96,1.04426,54.2,41.257
5.2500,3570.4684,297.08,1.04729,54.3,41.257
5.2600,3570.4684,303.02,1.04729,54.3,41.257
5.2700,3570.4684,282.38,1.04729,54.2,41.257
5.2800,3570.4684,286.53,1.04729,54.0,41.257
5.2900,3588.3064,288.94,1.04209,54.1,41.257
5.3000,3601.9582,289.61,1.03814,54.2,41.257
5.3100,3601.9582,300.14,1.03814,54.2,41.257
5.3200,3622.0063,296.58,1.03239,54.4,41.257
5.3300,3626.2884,299.32,1.03117,54.5,41.257
5.3400,3626.2884,284.83,1.03117,54.3,41.257
5.3500,3607.7195,289.25,1.03648,54.4,41.257
5.3600,3607.7195,280.09,1.03648,54.4,41.257
5.3700,3607.7195,305.78,1.03648,54.3,41.257
5.3800,3607.7195,306.03,1.03648,54.2,41.257
5.3900,3607.7195,316.64,1.03648,54.1,41.257
5.4000,3607.7195,310.33,1.03648,53.9,41.257
5.4100,3607.7195,297.78,1.03648,53.9,41.257
5.4200,3602.3200,299.44,1.03803,54.0,41.257
5.4300,3602.3200,300.19,1.03803,53.9,41.257
5.4400,3602.3200,304.46,1.03803,53.8,41.257
5.4500,3578.5619,325.64,1.04492,53.9,41.257
5.4600,3578.5619,319.55,1.04492,53.9,41.257
5.4700,3600.2066,318.42,1.03864,54.0,41.257
5.4800,3587.2375,307.65,1.04240,54.1,41.257
5.4900,3587.2375,316.18,1.04240,54.0,41.257
5.5000,3587.2375,337.41,1.04240,53.9,41.257
5.5100,3587.2375,309.24,1.04240,53.9,41.257
5.5200,3559.5683,321.62,1.05050,54.0,41.257
5.5300,3538.3621,323.76,1.05680,54.1,41.257
5.5400,3538.3621,318.07,1.05680,54.0,41.257
5.5500,3533.6768,313.02,1.05820,54.1,41.257
5.5600,3533.6768,315.84,1.05820,54.1,41.257
5.5700,3519.5242,314.62,1.06245,54.2,41.257
5.5800,3521.4402,330.97,1.06187,54.3,41.257
5.5900,3521.4402,317.77,1.06187,54.1,41.257
5.6000,3521.4402,315.15,1.06187,54.0,41.257
5.6100,3521.4402,295.63,1.06187,54.0,41.257
5.6200,3485.2246,300.36,1.07291,54.1,41.257
5.6300,3487.3580,318.42,1.07225,54.2,41.257
5.6400,3489.0986,298.06,1.07172,54.3,41.257
5.6500,3489.0986,327.78,1.07172,54.2,41.257
5.6600,3489.0986,315.86,1.07172,54.2,41.257
5.6700,3489.0986,312.27,1.07172,54.1,41.257
5.6800,3489.0986,308.13,1.07172,54.0,41.257
5.6900,3489.0986,307.51,1.07172,53.8,41.257
5.7000,3478.0606,291.73,1.07512,53.9,41.257
5.7100,3478.0606,300.11,1.07512,53.9,41.257
5.7200,3455.9151,289.55,1.08201,54.0,41.257
5.7300,3480.1860,296.08,1.07446,54.1,41.257
5.7400,3480.1860,297.78,1.07446,54.0,41.257
5.7500,3519.0720,289.95,1.06259,54.1,41.257
5.7600,3519.0720,283.80,1.06259,54.1,41.257
5.7700,3524.8038,306.92,1.06086,54.2,41.257
5.7800,3524.8038,309.12,1.06086,54.1,41.257
5.7900,3486.4309,286.90,1.07254,54.2,41.257
5.8000,3486.4309,282.60,1.07254,54.1,41.257
5.8100,3486.4309,295.78,1.07254,54.1,41.257
5.8200,3488.2002,304.44,1.07199,54.2,41.257
5.8300,3488.2002,295.06,1.07199,54.1,41.257
5.8400,3488.2002,304.17,1.07199,54.0,41.257
5.8500,3479.5687,300.95,1.07465,54.1,41.257
5.8600,3479.5687,325.87,1.07465,54.1,41.257
5.8700,3472.9405,325.30,1.07670,54.2,41.257
5.8800,3472.9405,312.22,1.07670,54.0,41.257
5.8900,3496.5316,325.69,1.06944,54.1,41.257
5.9000,3496.5316,320.66,1.06944,54.0,41.257
5.9100,3496.5316,303.20,1.06944,54.0,41.257
5.9200,3496.5316,306.46,1.06944,53.9,41.257
5.9300,3499.3404,308.50,1.06858,54.0,41.257
5.9400,3487.6538,305.19,1.07216,54.1,41.257
5.9500,3487.6538,321.28,1.07216,54.0,41.257
5.9600,3487.6538,300.86,1.07216,54.0,41.257
5.9700,3475.1926,304.70,1.07601,54.1,41.257
5.9800,3475.1926,295.53,1.07601,54.0,41.257
5.9900,3500.6863,292.64,1.06817,54.1,41.257
6.0000,3483.8545,274.91,1.07333,54.2,41.257
6.0100,3483.8545,283.04,1.07333,54.2,41.257
6.0200,3490.0655,275.58,1.07142,54.3,41.257
6.0300,3501.3791,293.83,1.06796,54.4,41.257
6.0400,3501.3791,292.77,1.06796,54.2,41.257
6.0500,3478.4603,287.16,1.07499,54.3,41.257
6.0600,3478.4603,282.13,1.07499,54.3,41.257
6.0700,3478.4603,289.35,1.07499,54.2,41.257
6.0800,3478.4603,284.53,1.07499,54.1,41.257
6.0900,3478.4603,299.87,1.07499,54.0,41.257
6.1000,3492.3714,285.80,1.07071,54.1,41.257
6.1100,3492.3714,271.02,1.07071,54.1,41.257
6.1200,3492.3714,300.67,1.07071,54.0,41.257
6.1300,3501.8173,282.74,1.06782,54.1,41.257
6.1400,3476.2874,292.59,1.07567,54.2,41.257
6.1500,3476.2874,306.23,1.07567,54.1,41.257
6.1600,3476.2874,288.35,1.07567,54.1,41.257
6.1700,3485.0042,285.07,1.07298,54.2,41.257
6.1800,3485.0042,290.39,1.07298,54.0,41.257
6.1900,3485.0042,290.63,1.07298,53.9,41.257
6.2000,3469.6419,284.41,1.07773,54.0,41.257
6.2100,3469.6419,316.41,1.07773,54.0,41.257
6.2200,3469.6419,310.82,1.07773,53.9,41.257
6.2300,3469.6419,296.66,1.07773,53.8,41.257
6.2400,3469.6419,311.19,1.07773,53.7,41.257
6.2500,3469.6419,287.98,1.07773,53.6,41.257
6.2600,3469.6419,268.80,1.07773,53.6,41.257
6.2700,3469.6419,287.08,1.07773,53.5,41.257
6.2800,3444.8501,292.79,1.08548,53.6,41.257
6.2900,3433.6108,283.35,1.08904,53.7,41.257
6.3000,3433.6108,282.16,1.08904,53.6,41.257
6.3100,3433.6108,302.04,1.08904,53.6,41.257
6.3200,3465.2711,283.49,1.07909,53.7,41.257
6.3300,3465.2711,314.74,1.07909,53.6,41.257
6.3400,3472.6204,313.53,1.07680,53.6,41.257
6.3500,3472.6204,299.68,1.07680,53.5,41.257
6.3600,3472.6204,312.28,1.07680,53.5,41.257
6.3700,3484.0908,312.72,1.07326,53.6,41.257
6.3800,3485.8322,324.42,1.07272,53.7,41.257
6.3900,3485.8322,312.95,1.07272,53.6,41.257
6.4000,3475.6202,326.91,1.07587,53.7,41.257
6.4100,3475.6202,306.05,1.07587,53.7,41.257
6.4200,3448.0239,306.16,1.08448,53.8,41.257
6.4300,3468.3760,283.55,1.07812,53.9,41.257
6.4400,3447.2068,297.35,1.08474,54.0,41.257
6.4500,3449.4894,295.46,1.08402,54.1,41.257
6.4600,3449.4894,294.49,1.08402,54.1,41.257
6.4700,3452.7687,303.52,1.08299,54.2,41.257
6.4800,3452.7687,293.50,1.08299,54.1,41.257
6.4900,3452.7687,291.49,1.08299,53.9,41.257
6.5000,3422.8681,282.67,1.09245,54.0,41.257
6.5100,3422.8681,293.89,1.09245,54.0,41.257
6.5200,3422.8681,290.25,1.09245,53.9,41.257
6.5300,3444.6019,303.15,1.08556,54.0,41.257
6.5400,3454.3259,296.51,1.08251,54.1,41.257
6.5500,3474.7411,320.77,1.07615,54.2,41.257
6.5600,3474.7411,307.46,1.07615,54.2,41.257
6.5700,3463.3501,308.92,1.07968,54.3,41.257
6.5800,3463.3501,307.17,1.07968,54.2,41.257
6.5900,3463.3501,294.68,1.07968,54.1,41.257
6.6000,3463.3501,285.61,1.07968,54.0,41.257
6.6100,3463.3501,296.41,1.07968,54.0,41.257
6.6200,3463.3501,300.11,1.07968,53.9,41.257
6.6300,3432.4600,300.53,1.08940,54.0,41.257
6.6400,3432.4600,287.79,1.08940,53.9,41.257
6.6500,3419.4016,290.28,1.09356,53.9,41.257
6.6600,3419.4016,293.50,1.09356,53.9,41.257
6.6700,3424.4766,310.99,1.09194,54.0,41.257
6.6800,3424.4766,290.77,1.09194,53.9,41.257
6.6900,3425.5625,294.14,1.09159,54.0,41.257
6.7000,3450.4795,306.22,1.08371,54.1,41.257
6.7100,3450.4795,318.13,1.08371,54.1,41.257
6.7200,3436.0577,315.85,1.08826,54.2,41.257
6.7300,3436.0577,300.04,1.08826,54.1,41.257
6.7400,3431.4110,291.91,1.08973,54.2,41.257
6.7500,3407.2753,303.59,1.09745,54.3,41.257
6.7600,3407.2753,302.83,1.09745,54.3,41.257
6.7700,3406.3280,310.21,1.09776,54.3,41.257
6.7800,3406.3280,300.15,1.09776,54.2,41.257
6.7900,3415.5614,300.39,1.09479,54.3,41.257
6.8000,3415.5614,299.48,1.09479,54.2,41.257
6.8100,3415.5614,301.23,1.09479,54.2,41.257
6.8200,3419.1567,298.79,1.09364,54.3,41.257
6.8300,3412.3939,297.41,1.09581,54.4,41.257
6.8400,3412.3939,298.94,1.09581,54.3,41.257
6.8500,3415.3622,318.75,1.09485,54.4,41.257
6.8600,3415.3622,297.59,1.09485,54.4,41.257
6.8700,3415.3622,295.39,1.09485,54.3,41.257
6.8800,3415.3622,292.75,1.09485,54.2,41.257
6.8900,3415.3622,290.37,1.09485,54.1,41.257
6.9000,3415.3622,286.64,1.09485,54.0,41.257
6.9100,3415.3622,274.84,1.09485,54.0,41.257
6.9200,3399.6852,270.95,1.09990,54.1,41.257
6.9300,3436.4038,269.53,1.08815,54.2,41.257
6.9400,3471.5342,297.26,1.07714,54.2,41.257
6.9500,3482.6602,306.49,1.07370,54.3,41.257
6.9600,3482.6602,287.80,1.07370,54.3,41.257
6.9700,3482.6602,288.31,1.07370,54.2,41.257
6.9800,3506.7936,298.20,1.06631,54.3,41.257
6.9900,3506.7936,297.01,1.06631,54.2,41.257
7.0000,3506.7936,283.08,1.06631,54.1,41.257
7.0100,3506.7936,294.42,1.06631,54.1,41.257
7.0200,3515.6590,289.81,1.06362,54.2,41.257
7.0300,3515.6590,293.40,1.06362,54.1,41.257
7.0400,3515.6590,287.02,1.06362,54.0,41.257
7.0500,3526.5204,279.62,1.06034,54.1,41.257
7.0600,3526.5204,280.47,1.06034,54.1,41.257
7.0700,3496.5818,275.62,1.06942,54.2,41.257
7.0800,3496.5818,286.11,1.06942,54.1,41.257
7.0900,3505.7172,285.55,1.06664,54.1,41.257
7.1000,3505.7172,287.54,1.06664,54.0,41.257
7.1100,3505.7172,303.53,1.06664,54.0,41.257
7.1200,3505.7172,293.29,1.06664,54.0,41.257
7.1300,3505.7172,307.47,1.06664,53.9,41.257
7.1400,3493.8926,308.50,1.07025,53.9,41.257
7.1500,3503.5987,301.08,1.06728,54.0,41.257
7.1600,3503.5987,287.91,1.06728,54.0,41.257
7.1700,3510.2713,287.28,1.06525,54.1,41.257
7.1800,3510.2713,293.53,1.06525,54.0,41.257
7.1900,3491.4216,282.03,1.07100,54.1,41.257
7.2000,3491.4216,294.34,1.07100,54.0,41.257
7.2100,3491.4216,307.84,1.07100,54.0,41.257
7.2200,3482.7086,305.29,1.07368,54.1,41.257
7.2300,3482.7086,303.62,1.07368,54.0,41.257
7.2400,3482.7086,309.02,1.07368,53.9,41.257
7.2500,3500.4227,304.20,1.06825,54.0,41.257
7.2600,3500.4227,299.41,1.06825,54.0,41.257
7.2700,3500.4227,289.19,1.06825,53.9,41.257
7.2800,3510.7355,300.46,1.06511,54.0,41.257
7.2900,3491.2629,298.44,1.07105,54.0,41.257
7.3000,3491.2629,286.57,1.07105,53.9,41.257
7.3100,3491.2629,307.63,1.07105,53.9,41.257
7.3200,3506.6745,301.06,1.06635,54.0,41.257
7.3300,3506.6745,288.91,1.06635,53.9,41.257
7.3400,3471.2760,309.05,1.07722,54.0,41.257
7.3500,3454.8314,302.91,1.08235,54.1,41.257
7.3600,3454.8314,303.61,1.08235,54.1,41.257
7.3700,3428.9708,307.45,1.09051,54.2,41.257
7.3800,3447.2980,313.38,1.08471,54.2,41.257
7.3900,3445.9624,308.56,1.08513,54.3,41.257
7.4000,3471.0572,310.63,1.07729,54.4,41.257
7.4100,3471.0572,308.33,1.07729,54.4,41.257
7.4200,3471.0572,291.98,1.07729,54.3,41.257
7.4300,3492.6143,304.99,1.07064,54.4,41.257
7.4400,3492.6143,299.95,1.07064,54.3,41.257
7.4500,3477.6329,292.45,1.07525,54.4,41.257
7.4600,3477.6329,293.35,1.07525,54.4,41.257
7.4700,3439.9679,301.62,1.08702,54.4,41.257
7.4800,3439.9679,290.97,1.08702,54.3,41.257
7.4900,3439.9679,288.20,1.08702,54.3,41.257
7.5000,3439.9679,304.43,1.08702,54.2,41.257
7.5100,3439.9679,292.35,1.08702,54.2,41.257
7.5200,3440.4915,285.48,1.08686,54.2,41.257
7.5300,3440.4915,314.16,1.08686,54.2,41.257
7.5400,3440.4915,301.10,1.08686,54.1,41.257
7.5500,3433.8487,309.33,1.08896,54.1,41.257
7.5600,3433.8487,298.51,1.08896,54.1,41.257
7.5700,3447.1955,284.44,1.08474,54.2,41.257
7.5800,3439.6113,314.89,1.08714,54.3,41.257
7.5900,3439.6113,301.02,1.08714,54.2,41.257
7.6000,3454.3279,315.72,1.08250,54.3,41.257
7.6100,3454.3279,297.92,1.08250,54.3,41.257
7.6200,3454.3279,289.43,1.08250,54.2,41.257
7.6300,3454.3279,303.98,1.08250,54.1,41.257
7.6400,3454.3279,300.48,1.08250,54.0,41.257
7.6500,3454.3279,301.16,1.08250,53.9,41.257
7.6600,3454.3279,295.63,1.08250,53.9,41.257
7.6700,3454.3279,298.78,1.08250,53.8,41.257
7.6800,3442.9229,305.45,1.08609,53.9,41.257
7.6900,3442.9229,321.37,1.08609,53.8,41.257
7.7000,3448.4816,308.89,1.08434,53.9,41.257
7.7100,3448.4816,305.46,1.08434,53.9,41.257
7.7200,3448.4816,313.02,1.08434,53.8,41.257
7.7300,3429.8380,312.05,1.09023,53.9,41.257
7.7400,3409.3907,320.41,1.09677,54.0,41.257
7.7500,3395.8803,327.81,1.10114,54.0,41.257
7.7600,3395.8803,315.14,1.10114,54.0,41.257
7.7700,3395.8803,311.19,1.10114,53.9,41.257
7.7800,3395.8803,309.56,1.10114,53.9,41.257
7.7900,3395.8803,328.71,1.10114,53.8,41.257
7.8000,3395.8803,320.81,1.10114,53.7,41.257
7.8100,3395.8803,321.70,1.10114,53.7,41.257
7.8200,3395.8803,303.52,1.10114,53.6,41.257
7.8300,3395.8803,305.89,1.10114,53.5,41.257
7.8400,3405.1644,308.50,1.09813,53.6,41.257
7.8500,3426.9020,297.23,1.09117,53.7,41.257
7.8600,3426.9020,283.74,1.09117,53.7,41.257
7.8700,3400.3886,305.37,1.09968,53.7,41.257
7.8800,3421.2686,308.54,1.09296,53.8,41.257
7.8900,3421.2686,308.28,1.09296,53.7,41.257
7.9000,3421.2686,294.52,1.09296,53.6,41.257
7.9100,3421.2686,299.33,1.09296,53.6,41.257
7.9200,3427.4836,298.54,1.09098,53.7,41.257
7.9300,3427.4836,291.13,1.09098,53.6,41.257
7.9400,3427.4836,310.47,1.09098,53.5,41.257
7.9500,3446.4195,304.53,1.08499,53.6,41.257
7.9600,3446.4195,297.82,1.08499,53.6,41.257
7.9700,3446.4195,293.98,1.08499,53.5,41.257
7.9800,3446.4195,288.68,1.08499,53.4,41.257
7.9900,3423.5822,293.21,1.09223,53.5,41.257
8.0000,3423.5822,289.50,1.09223,53.4,41.257
8.0100,3423.5822,298.84,1.09223,53.4,41.257
8.0200,3423.5822,293.75,1.09223,53.4,41.257
8.0300,3416.8398,289.15,1.09438,53.4,41.257
8.0400,3422.5989,287.67,1.09254,53.5,41.257
8.0500,3422.5989,271.47,1.09254,53.4,41.257
8.0600,3422.5989,284.48,1.09254,53.4,41.257
8.0700,3422.5989,281.96,1.09254,53.3,41.257
8.0800,3435.5645,265.82,1.08842,53.4,41.257
8.0900,3448.3059,265.99,1.08440,53.5,41.257
8.1000,3448.3059,286.47,1.08440,53.4,41.257
8.1100,3448.3059,283.46,1.08440,53.4,41.257
8.1200,3451.2512,294.40,1.08347,53.5,41.257
8.1300,3451.2512,281.65,1.08347,53.4,41.257
8.1400,3486.4565,300.22,1.07253,53.5,41.257
8.1500,3486.4565,272.38,1.07253,53.4,41.257
8.1600,3486.4565,276.82,1.07253,53.4,41.257
8.1700,3486.4565,287.41,1.07253,53.3,41.257
8.1800,3471.4951,289.70,1.07715,53.4,41.257
8.1900,3471.4951,286.10,1.07715,53.3,41.257
8.2000,3471.4951,298.68,1.07715,53.2,41.257
8.2100,3471.4951,282.79,1.07715,53.2,41.257
8.2200,3471.4951,282.81,1.07715,53.1,41.257
8.2300,3471.4951,285.60,1.07715,53.0,41.257
8.2400,3445.8599,278.78,1.08516,53.1,41.257
8.2500,3445.8599,279.15,1.08516,53.0,41.257
8.2600,3445.8599,293.76,1.08516,53.0,41.257
8.2700,3477.6762,303.40,1.07524,53.1,41.257
8.2800,3478.8367,300.82,1.07488,53.2,41.257
8.2900,3468.1499,310.56,1.07819,53.2,41.257
8.3000,3465.4448,298.21,1.07903,53.3,41.257
8.3100,3465.4448,288.64,1.07903,53.3,41.257
8.3200,3465.4448,289.50,1.07903,53.2,41.257
8.3300,3479.8319,281.64,1.07457,53.3,41.257
8.3400,3479.8319,280.41,1.07457,53.2,41.257
8.3500,3479.8319,301.68,1.07457,53.1,41.257
8.3600,3479.8319,305.51,1.07457,53.1,41.257
8.3700,3479.8319,291.25,1.07457,53.1,41.257
8.3800,3499.0745,279.99,1.06866,53.1,41.257
8.3900,3499.0745,296.75,1.06866,53.1,41.257
8.4000,3499.0745,282.37,1.06866,53.0,41.257
8.4100,3499.0745,307.27,1.06866,53.0,41.257
8.4200,3499.0745,301.27,1.06866,52.9,41.257
8.4300,3499.0745,318.63,1.06866,52.8,41.257
8.4400,3507.0791,329.21,1.06622,52.9,41.257
8.4500,3532.0531,297.55,1.05868,53.0,41.257
8.4600,3532.0531,307.58,1.05868,53.0,41.257
8.4700,3532.0531,288.22,1.05868,52.9,41.257
8.4800,3535.8580,296.75,1.05754,52.9,41.257
8.4900,3542.5442,292.79,1.05555,53.0,41.257
8.5000,3542.5442,298.39,1.05555,52.9,41.257
8.5100,3542.5442,282.11,1.05555,52.9,41.257
8.5200,3534.6069,284.14,1.05792,53.0,41.257
8.5300,3518.4765,280.85,1.06277,53.1,41.257
8.5400,3518.4765,280.70,1.06277,53.0,41.257
8.5500,3537.4833,283.44,1.05706,53.1,41.257
8.5600,3537.4833,296.32,1.05706,53.1,41.257
8.5700,3537.4833,287.27,1.05706,53.0,41.257
8.5800,3542.2831,270.98,1.05563,53.1,41.257
8.5900,3534.4113,277.14,1.05798,53.1,41.257
8.6000,3538.6235,280.81,1.05672,53.2,41.257
8.6100,3538.6235,291.61,1.05672,53.2,41.257
8.6200,3538.6235,280.76,1.05672,53.1,41.257
8.6300,3533.5282,283.84,1.05824,53.2,41.257
8.6400,3525.7777,269.61,1.06057,53.3,41.257
8.6500,3550.3606,292.67,1.05322,53.3,41.257
8.6600,3550.3606,297.18,1.05322,53.3,41.257
8.6700,3557.2816,279.87,1.05118,53.4,41.257
8.6800,3557.2816,293.11,1.05118,53.3,41.257
8.6900,3557.2816,283.45,1.05118,53.2,41.257
8.7000,3577.0793,279.88,1.04536,53.3,41.257
8.7100,3577.0793,275.14,1.04536,53.3,41.257
8.7200,3569.5280,278.09,1.04757,53.4,41.257
8.7300,3571.7014,270.76,1.04693,53.4,41.257
8.7400,3576.1197,283.44,1.04564,53.5,41.257
8.7500,3594.8081,289.32,1.04020,53.6,41.257
8.7600,3594.8081,297.66,1.04020,53.6,41.257
8.7700,3594.8081,282.55,1.04020,53.5,41.257
8.7800,3594.8081,298.08,1.04020,53.4,41.257
8.7900,3594.8081,298.09,1.04020,53.3,41.257
8.8000,3601.0326,299.08,1.03840,53.4,41.257
8.8100,3601.0326,306.28,1.03840,53.4,41.257
8.8200,3570.9231,321.58,1.04716,53.5,41.257
8.8300,3561.4861,318.23,1.04993,53.5,41.257
8.8400,3573.7003,311.50,1.04635,53.6,41.257
8.8500,3604.6170,318.33,1.03737,53.7,41.257
8.8600,3604.6170,304.38,1.03737,53.7,41.257
8.8700,3579.8024,302.13,1.04456,53.7,41.257
8.8800,3605.2168,306.96,1.03720,53.8,41.257
8.8900,3608.6124,309.73,1.03622,53.9,41.257
8.9000,3608.6124,292.98,1.03622,53.8,41.257
8.9100,3608.6124,280.44,1.03622,53.8,41.257
8.9200,3608.6124,309.34,1.03622,53.7,41.257
8.9300,3584.7000,293.29,1.04314,53.8,41.257
8.9400,3547.4322,301.01,1.05409,53.8,41.257
8.9500,3549.9662,287.24,1.05334,53.9,41.257
8.9600,3549.9662,288.71,1.05334,53.9,41.257
8.9700,3574.2862,280.71,1.04617,54.0,41.257
8.9800,3568.6385,282.63,1.04783,54.0,41.257
8.9900,3580.4856,293.66,1.04436,54.1,41.257
9.0000,3593.5082,292.85,1.04058,54.2,41.257
9.0100,3593.5082,296.98,1.04058,54.2,41.257
9.0200,3564.2101,302.87,1.04913,54.2,41.257
9.0300,3564.2101,307.60,1.04913,54.2,41.257
9.0400,3525.6272,289.40,1.06061,54.2,41.257
9.0500,3525.6272,293.89,1.06061,54.1,41.257
9.0600,3525.6272,269.77,1.06061,54.1,41.257
9.0700,3525.6272,290.21,1.06061,54.1,41.257
9.0800,3503.5581,279.30,1.06729,54.1,41.257
9.0900,3490.2676,279.63,1.07136,54.2,41.257
9.1000,3490.2676,274.81,1.07136,54.1,41.257
9.1100,3490.2676,282.33,1.07136,54.1,41.257
9.1200,3460.7813,278.77,1.08049,54.2,41.257
9.1300,3455.8420,274.92,1.08203,54.2,41.257
9.1400,3455.8420,287.58,1.08203,54.2,41.257
9.1500,3455.8420,288.66,1.08203,54.1,41.257
9.1600,3455.8420,300.53,1.08203,54.1,41.257
9.1700,3455.8420,295.03,1.08203,54.0,41.257
9.1800,3455.8420,288.82,1.08203,54.0,41.257
9.1900,3458.5256,292.20,1.08119,54.0,41.257
9.2000,3458.5256,304.15,1.08119,53.9,41.257
9.2100,3458.5256,295.72,1.08119,53.9,41.257
9.2200,3467.9434,297.44,1.07825,54.0,41.257
9.2300,3467.9434,298.95,1.07825,53.9,41.257
9.2400,3478.8069,304.61,1.07489,54.0,41.257
9.2500,3478.8069,292.66,1.07489,53.9,41.257
9.2600,3478.8069,291.18,1.07489,53.9,41.257
9.2700,3479.3633,297.04,1.07472,54.0,41.257
9.2800,3479.3633,271.97,1.07472,53.9,41.257
9.2900,3479.3633,283.48,1.07472,53.8,41.257
9.3000,3479.3633,286.01,1.07472,53.8,41.257
9.3100,3479.3633,284.44,1.07472,53.8,41.257
9.3200,3479.3888,288.82,1.07471,53.8,41.257
9.3300,3485.5772,286.75,1.07280,53.9,41.257
9.3400,3485.5772,277.63,1.07280,53.8,41.257
9.3500,3485.5772,297.24,1.07280,53.7,41.257
9.3600,3485.5772,298.89,1.07280,53.7,41.257
9.3700,3459.3189,281.95,1.08094,53.8,41.257
9.3800,3458.8210,297.13,1.08110,53.9,41.257
9.3900,3444.6307,302.04,1.08555,53.9,41.257
9.4000,3444.6307,285.53,1.08555,53.9,41.257
9.4100,3444.6307,295.80,1.08555,53.9,41.257
9.4200,3444.6307,290.18,1.08555,53.8,41.257
9.4300,3427.6527,301.80,1.09093,53.8,41.257
9.4400,3427.6527,305.01,1.09093,53.8,41.257
9.4500,3436.6300,296.80,1.08808,53.8,41.257
9.4600,3436.6300,285.74,1.08808,53.8,41.257
9.4700,3439.5562,304.15,1.08715,53.9,41.257
9.4800,3439.5562,284.25,1.08715,53.8,41.257
9.4900,3439.5562,284.82,1.08715,53.8,41.257
9.5000,3439.5562,289.80,1.08715,53.7,41.257
9.5100,3439.5562,284.02,1.08715,53.7,41.257
9.5200,3448.7302,298.19,1.08426,53.7,41.257
9.5300,3415.3093,298.12,1.09487,53.8,41.257
9.5400,3415.3093,289.73,1.09487,53.7,41.257
9.5500,3415.3093,280.28,1.09487,53.7,41.257
9.5600,3415.3093,276.37,1.09487,53.7,41.257
9.5700,3415.3093,292.69,1.09487,53.6,41.257
9.5800,3415.3093,291.79,1.09487,53.5,41.257
9.5900,3444.2393,293.80,1.08568,53.6,41.257
9.6000,3444.2393,273.49,1.08568,53.5,41.257
9.6100,3444.2393,299.14,1.08568,53.5,41.257
9.6200,3432.9698,293.08,1.08924,53.6,41.257
9.6300,3432.9698,278.58,1.08924,53.5,41.257
9.6400,3432.9698,282.24,1.08924,53.4,41.257
9.6500,3425.4595,285.62,1.09163,53.5,41.257
9.6600,3425.4595,296.25,1.09163,53.5,41.257
9.6700,3425.4595,285.62,1.09163,53.4,41.257
9.6800,3425.4595,274.71,1.09163,53.4,41.257
9.6900,3425.4595,288.56,1.09163,53.3,41.257
9.7000,3404.2546,287.91,1.09843,53.4,41.257
9.7100,3404.2546,304.11,1.09843,53.4,41.257
9.7200,3413.8219,303.29,1.09535,53.4,41.257
9.7300,3396.7913,305.12,1.10084,53.5,41.257
9.7400,3396.7913,300.91,1.10084,53.4,41.257
9.7500,3396.7913,305.24,1.10084,53.3,41.257
9.7600,3396.7913,310.23,1.10084,53.3,41.257
9.7700,3369.4452,304.41,1.10978,53.4,41.257
9.7800,3387.6494,303.18,1.10381,53.5,41.257
9.7900,3387.6494,309.46,1.10381,53.4,41.257
9.8000,3387.6494,314.86,1.10381,53.3,41.257
9.8100,3387.6494,306.82,1.10381,53.3,41.257
9.8200,3387.6494,304.58,1.10381,53.2,41.257
9.8300,3387.6494,321.10,1.10381,53.2,41.257
9.8400,3387.6494,311.32,1.10381,53.1,41.257
9.8500,3387.6494,294.47,1.10381,53.0,41.257
9.8600,3387.6494,318.28,1.10381,53.0,41.257
9.8700,3407.7888,302.55,1.09729,53.1,41.257
9.8800,3407.7888,302.05,1.09729,53.0,41.257
9.8900,3407.7888,305.48,1.09729,53.0,41.257
9.9000,3442.8118,296.59,1.08613,53.0,41.257
9.9100,3442.8118,294.12,1.08613,53.0,41.257
9.9200,3442.8118,299.36,1.08613,53.0,41.257
9.9300,3442.8118,308.73,1.08613,52.9,41.257
9.9400,3442.8118,302.11,1.08613,52.8,41.257
9.9500,3442.8118,324.61,1.08613,52.8,41.257
9.9600,3442.8118,307.97,1.08613,52.8,41.257
9.9700,3442.8118,317.73,1.08613,52.7,41.257
9.9800,3450.3388,297.95,1.08376,52.8,41.257
9.9900,3425.2196,290.50,1.09170,52.8,41.257
10.0000,3407.3571,296.82,1.09743,52.9,41.257
10.0100,3407.3571,308.62,1.09743,52.9,41.257
10.0200,3416.2904,320.07,1.09456,52.9,41.257
10.0300,3403.0571,306.75,1.09881,53.0,41.257
10.0400,3403.0571,302.05,1.09881,52.9,41.257
10.0500,3403.0571,311.13,1.09881,52.9,41.257
10.0600,3403.0571,303.68,1.09881,52.9,41.257
10.0700,3414.0420,310.56,1.09528,52.9,41.257
10.0800,3414.0420,317.44,1.09528,52.9,41.257
10.0900,3438.2673,300.82,1.08756,52.9,41.257
10.1000,3444.6342,295.98,1.08555,53.0,41.257
10.1100,3444.6342,305.45,1.08555,53.0,41.257
10.1200,3444.6342,308.64,1.08555,52.9,41.257
10.1300,3444.6342,310.19,1.08555,52.8,41.257
10.1400,3431.7121,301.33,1.08964,52.9,41.257
10.1500,3431.7121,300.10,1.08964,52.8,41.257
10.1600,3431.7121,285.13,1.08964,52.8,41.257
10.1700,3435.2544,288.89,1.08852,52.9,41.257
10.1800,3435.2544,307.24,1.08852,52.8,41.257
10.1900,3435.2544,296.48,1.08852,52.8,41.257
10.2000,3436.2909,291.02,1.08819,52.8,41.257
10.2100,3436.2909,280.78,1.08819,52.8,41.257
10.2200,3460.9121,295.26,1.08045,52.9,41.257
10.2300,3460.9121,303.26,1.08045,52.8,41.257
10.2400,3460.9121,306.55,1.08045,52.7,41.257
10.2500,3457.7541,309.87,1.08143,52.8,41.257
10.2600,3457.7541,282.84,1.08143,52.8,41.257
10.2700,3457.7541,295.68,1.08143,52.7,41.257
10.2800,3457.7541,284.04,1.08143,52.7,41.257
10.2900,3457.7541,306.28,1.08143,52.6,41.257
10.3000,3457.7541,296.72,1.08143,52.5,41.257
10.3100,3457.7541,307.19,1.08143,52.5,41.257
10.3200,3468.6585,302.86,1.07803,52.6,41.257
10.3300,3447.9082,284.54,1.08452,52.7,41.257
10.3400,3447.9082,287.71,1.08452,52.6,41.257
10.3500,3416.9997,303.29,1.09433,52.7,41.257
10.3600,3416.9997,315.51,1.09433,52.7,41.257
10.3700,3432.4600,290.13,1.08940,52.7,41.257
10.3800,3429.2659,296.24,1.09042,52.8,41.257
10.3900,3429.2659,301.94,1.09042,52.7,41.257
10.4000,3429.2659,303.66,1.09042,52.6,41.257
10.4100,3429.2659,286.49,1.09042,52.6,41.257
10.4200,3429.2659,293.27,1.09042,52.6,41.257
10.4300,3429.0296,294.78,1.09049,52.6,41.257
10.4400,3421.2017,302.78,1.09299,52.7,41.257
10.4500,3418.9483,308.37,1.09371,52.8,41.257
10.4600,3418.9483,285.57,1.09371,52.8,41.257
10.4700,3418.9483,280.57,1.09371,52.7,41.257
10.4800,3416.6674,303.96,1.09444,52.7,41.257
10.4900,3416.6674,301.66,1.09444,52.7,41.257
10.5000,3429.5834,295.77,1.09032,52.7,41.257
10.5100,3429.5834,304.64,1.09032,52.7,41.257
10.5200,3429.5834,313.68,1.09032,52.7,41.257
10.5300,3429.5834,310.83,1.09032,52.6,41.257
10.5400,3465.8916,309.44,1.07889,52.7,41.257
10.5500,3465.8916,287.48,1.07889,52.6,41.257
10.5600,3465.8916,296.31,1.07889,52.6,41.257
10.5700,3487.3797,315.58,1.07225,52.7,41.257
10.5800,3487.3797,305.21,1.07225,52.6,41.257
10.5900,3487.3797,294.97,1.07225,52.5,41.257
10.6000,3487.3797,299.33,1.07225,52.5,41.257
10.6100,3487.3797,303.26,1.07225,52.5,41.257
10.6200,3487.3797,299.24,1.07225,52.4,41.257
10.6300,3487.3797,300.46,1.07225,52.4,41.257
10.6400,3487.3797,305.41,1.07225,52.3,41.257
10.6500,3487.3797,298.99,1.07225,52.2,41.257
10.6600,3487.3797,302.50,1.07225,52.2,41.257
10.6700,3487.3797,300.75,1.07225,52.2,41.257
10.6800,3452.8256,304.44,1.08298,52.2,41.257
10.6900,3452.8256,305.83,1.08298,52.2,41.257
10.7000,3457.3100,308.39,1.08157,52.2,41.257
10.7100,3457.3100,302.62,1.08157,52.2,41.257
10.7200,3493.8974,293.09,1.07025,52.3,41.257
10.7300,3493.8974,290.01,1.07025,52.2,41.257
10.7400,3493.8974,300.78,1.07025,52.2,41.257
10.7500,3493.8974,304.11,1.07025,52.1,41.257
10.7600,3493.8974,307.93,1.07025,52.1,41.257
10.7700,3493.8974,286.58,1.07025,52.0,41.257
10.7800,3476.7270,280.96,1.07553,52.1,41.257
10.7900,3459.9058,290.80,1.08076,52.1,41.257
10.8000,3459.9058,275.62,1.08076,52.1,41.257
10.8100,3459.9058,281.30,1.08076,52.1,41.257
10.8200,3459.9058,282.28,1.08076,52.0,41.257
10.8300,3476.7791,299.65,1.07551,52.1,41.257
10.8400,3476.7791,300.48,1.07551,52.0,41.257
10.8500,3489.5068,289.21,1.07159,52.1,41.257
10.8600,3489.5068,290.96,1.07159,52.1,41.257
10.8700,3448.3014,304.61,1.08440,52.1,41.257
10.8800,3448.3014,289.05,1.08440,52.1,41.257
10.8900,3443.5130,294.13,1.08590,52.1,41.257
10.9000,3443.5130,290.81,1.08590,52.1,41.257
10.9100,3443.5130,306.11,1.08590,52.1,41.257
10.9200,3433.3783,294.59,1.08911,52.1,41.257
10.9300,3453.2362,290.39,1.08285,52.2,41.257
10.9400,3453.2362,288.66,1.08285,52.1,41.257
10.9500,3453.2362,293.30,1.08285,52.1,41.257
10.9600,3453.2362,292.86,1.08285,52.1,41.257
10.9700,3453.2362,284.95,1.08285,52.0,41.257
10.9800,3453.2362,303.75,1.08285,51.9,41.257
10.9900,3479.1739,298.46,1.07477,52.0,41.257
11.0000,3479.1739,296.98,1.07477,51.9,41.257
11.0100,3479.1739,298.32,1.07477,51.9,41.257
11.0200,3479.1739,293.17,1.07477,51.9,41.257
11.0300,3479.1739,294.96,1.07477,51.8,41.257
11.0400,3479.1739,301.47,1.07477,51.8,41.257
11.0500,3475.2883,300.65,1.07598,51.8,41.257
11.0600,3475.2883,294.01,1.07598,51.8,41.257
11.0700,3475.2883,284.97,1.07598,51.8,41.257
11.0800,3475.3431,292.28,1.07596,51.8,41.257
11.0900,3479.0558,276.85,1.07481,51.9,41.257
11.1000,3461.9799,278.55,1.08011,51.9,41.257
11.1100,3461.9799,276.92,1.08011,51.9,41.257
11.1200,3461.9799,267.08,1.08011,51.9,41.257
11.1300,3502.8346,271.49,1.06751,51.9,41.257
11.1400,3497.4083,278.62,1.06917,52.0,41.257
11.1500,3485.5066,288.13,1.07282,52.0,41.257
11.1600,3485.5066,282.69,1.07282,52.0,41.257
11.1700,3485.5066,287.43,1.07282,52.0,41.257
11.1800,3485.5066,292.59,1.07282,51.9,41.257
11.1900,3517.3275,273.20,1.06312,52.0,41.257
11.2000,3523.6916,284.51,1.06120,52.0,41.257
11.2100,3523.6916,293.97,1.06120,52.0,41.257
11.2200,3520.8442,281.26,1.06205,52.1,41.257
11.2300,3520.8442,282.31,1.06205,52.0,41.257
11.2400,3543.7458,290.84,1.05519,52.1,41.257
11.2500,3548.5091,275.66,1.05377,52.1,41.257
11.2600,3548.5091,305.40,1.05377,52.1,41.257
11.2700,3548.5091,290.23,1.05377,52.1,41.257
11.2800,3548.3078,292.48,1.05383,52.1,41.257
11.2900,3560.9551,302.51,1.05009,52.2,41.257
11.3000,3531.6895,289.78,1.05879,52.2,41.257
11.3100,3531.6895,308.98,1.05879,52.2,41.257
11.3200,3531.6895,302.81,1.05879,52.2,41.257
11.3300,3531.6895,310.09,1.05879,52.1,41.257
11.3400,3531.6895,301.60,1.05879,52.0,41.257
11.3500,3531.6895,305.00,1.05879,52.0,41.257
11.3600,3531.6895,307.12,1.05879,52.0,41.257
11.3700,3531.6895,299.40,1.05879,51.9,41.257
11.3800,3522.5292,290.23,1.06155,52.0,41.257
11.3900,3521.2262,290.83,1.06194,52.0,41.257
11.4000,3497.8388,296.95,1.06904,52.1,41.257
11.4100,3497.8388,299.32,1.06904,52.1,41.257
11.4200,3497.8388,303.37,1.06904,52.0,41.257
11.4300,3497.8388,298.84,1.06904,52.0,41.257
11.4400,3497.8388,302.43,1.06904,51.9,41.257
11.4500,3535.1957,297.58,1.05774,52.0,41.257
11.4600,3535.1957,292.33,1.05774,52.0,41.257
11.4700,3535.1957,285.88,1.05774,51.9,41.257
11.4800,3535.1957,290.90,1.05774,51.9,41.257
11.4900,3521.9710,306.20,1.06171,51.9,41.257
11.5000,3522.8645,298.74,1.06144,52.0,41.257
11.5100,3522.8645,307.71,1.06144,52.0,41.257
11.5200,3522.8645,307.37,1.06144,51.9,41.257
11.5300,3523.3266,288.67,1.06131,52.0,41.257
11.5400,3539.0561,293.98,1.05659,52.0,41.257
11.5500,3539.0561,302.39,1.05659,51.9,41.257
11.5600,3539.0561,306.48,1.05659,51.9,41.257
11.5700,3540.1169,314.53,1.05627,52.0,41.257
11.5800,3540.1169,306.18,1.05627,51.9,41.257
11.5900,3540.1169,313.17,1.05627,51.9,41.257
11.6000,3540.1169,305.19,1.05627,51.8,41.257
11.6100,3540.1169,296.70,1.05627,51.8,41.257
11.6200,3540.1169,303.20,1.05627,51.8,41.257
11.6300,3540.1169,333.43,1.05627,51.7,41.257
11.6400,3540.1169,309.79,1.05627,51.7,41.257
11.6500,3540.1169,314.35,1.05627,51.6,41.257
11.6600,3540.1169,315.45,1.05627,51.6,41.257
11.6700,3540.1169,327.22,1.05627,51.6,41.257
11.6800,3526.9476,313.75,1.06022,51.6,41.257
11.6900,3502.5896,314.92,1.06759,51.7,41.257
11.7000,3502.5896,337.72,1.06759,51.6,41.257
11.7100,3502.5896,327.72,1.06759,51.6,41.257
11.7200,3513.8925,309.66,1.06416,51.7,41.257
11.7300,3489.8057,294.72,1.07150,51.7,41.257
11.7400,3489.8057,311.41,1.07150,51.7,41.257
11.7500,3489.8057,304.14,1.07150,51.6,41.257
11.7600,3489.8057,314.84,1.07150,51.6,41.257
11.7700,3489.8057,299.95,1.07150,51.5,41.257
11.7800,3487.5106,299.43,1.07221,51.6,41.257
11.7900,3517.0490,288.10,1.06320,51.6,41.257
11.8000,3517.0490,301.58,1.06320,51.6,41.257
11.8100,3517.0490,306.91,1.06320,51.6,41.257
11.8200,3541.4738,308.09,1.05587,51.6,41.257
11.8300,3541.4738,319.63,1.05587,51.6,41.257
11.8400,3541.4738,309.55,1.05587,51.5,41.257
11.8500,3509.1905,298.32,1.06558,51.6,41.257
11.8600,3509.1905,299.31,1.06558,51.6,41.257
11.8700,3509.1905,317.19,1.06558,51.5,41.257
11.8800,3509.1905,321.01,1.06558,51.5,41.257
11.8900,3509.1905,301.90,1.06558,51.4,41.257
11.9000,3509.1905,286.09,1.06558,51.4,41.257
11.9100,3509.1905,286.35,1.06558,51.4,41.257
11.9200,3535.1016,295.78,1.05777,51.4,41.257
11.9300,3533.0012,285.34,1.05840,51.5,41.257
11.9400,3505.6950,283.02,1.06664,51.5,41.257
11.9500,3516.9002,273.08,1.06324,51.6,41.257
11.9600,3516.9002,281.25,1.06324,51.6,41.257
11.9700,3516.9002,293.39,1.06324,51.5,41.257
11.9800,3524.5996,289.86,1.06092,51.6,41.257
11.9900,3524.5996,283.17,1.06092,51.5,41.257
12.0000,3510.7067,282.48,1.06512,51.6,41.257
12.0100,3510.7067,285.92,1.06512,51.6,41.257
12.0200,3510.7067,307.52,1.06512,51.5,41.257
12.0300,3520.5242,300.23,1.06215,51.6,41.257
12.0400,3520.5242,302.40,1.06215,51.5,41.257
12.0500,3479.5059,296.53,1.07467,51.6,41.257
12.0600,3479.5059,297.12,1.07467,51.6,41.257
12.0700,3478.4251,288.61,1.07501,51.6,41.257
12.0800,3478.4251,291.45,1.07501,51.6,41.257
12.0900,3509.3385,290.00,1.06554,51.6,41.257
12.1000,3509.3385,288.86,1.06554,51.5,41.257
12.1100,3509.3385,303.07,1.06554,51.5,41.257
12.1200,3509.3385,296.59,1.06554,51.5,41.257
12.1300,3509.3385,308.76,1.06554,51.4,41.257
12.1400,3509.3385,310.99,1.06554,51.4,41.257
12.1500,3529.9534,303.55,1.05931,51.4,41.257
12.1600,3529.9534,312.59,1.05931,51.4,41.257
12.1700,3529.9534,302.45,1.05931,51.4,41.257
12.1800,3529.9534,289.54,1.05931,51.3,41.257
12.1900,3499.3322,273.03,1.06858,51.4,41.257
12.2000,3499.3322,271.60,1.06858,51.3,41.257
12.2100,3499.3322,309.40,1.06858,51.3,41.257
12.2200,3499.3322,302.95,1.06858,51.3,41.257
12.2300,3500.8305,302.92,1.06813,51.3,41.257
12.2400,3497.2537,280.60,1.06922,51.4,41.257
12.2500,3486.9739,270.16,1.07237,51.4,41.257
12.2600,3486.9739,274.02,1.07237,51.4,41.257
12.2700,3486.9739,285.95,1.07237,51.4,41.257
12.2800,3513.5262,295.77,1.06427,51.4,41.257
12.2900,3513.5262,284.96,1.06427,51.4,41.257
12.3000,3521.9233,275.27,1.06173,51.4,41.257
12.3100,3521.9233,266.46,1.06173,51.4,41.257
12.3200,3545.8741,267.57,1.05456,51.5,41.257
12.3300,3545.8741,280.00,1.05456,51.4,41.257
12.3400,3556.4907,289.57,1.05141,51.5,41.257
12.3500,3550.1407,300.83,1.05329,51.5,41.257
12.3600,3550.1407,302.56,1.05329,51.5,41.257
12.3700,3550.1407,308.44,1.05329,51.5,41.257
12.3800,3550.1407,318.69,1.05329,51.4,41.257
12.3900,3591.0263,307.68,1.04130,51.5,41.257
12.4000,3591.0263,310.59,1.04130,51.4,41.257
12.4100,3591.0263,321.51,1.04130,51.4,41.257
12.4200,3558.4649,311.09,1.05083,51.5,41.257
12.4300,3561.4167,291.26,1.04995,51.5,41.257
12.4400,3561.4167,298.16,1.04995,51.5,41.257
12.4500,3584.3021,294.67,1.04325,51.5,41.257
12.4600,3584.3021,301.58,1.04325,51.5,41.257
12.4700,3568.3050,295.65,1.04793,51.6,41.257
12.4800,3603.1542,288.96,1.03779,51.6,41.257
12.4900,3569.5433,308.31,1.04756,51.7,41.257
12.5000,3571.0895,288.33,1.04711,51.7,41.257
12.5100,3571.0895,297.14,1.04711,51.7,41.257
12.5200,3573.6803,308.53,1.04635,51.7,41.257
12.5300,3573.6803,319.43,1.04635,51.7,41.257
12.5400,3604.1095,307.83,1.03752,51.7,41.257
12.5500,3604.1095,283.49,1.03752,51.7,41.257
12.5600,3604.1095,291.00,1.03752,51.7,41.257
12.5700,3604.1095,326.89,1.03752,51.6,41.257
12.5800,3604.1095,325.19,1.03752,51.6,41.257
12.5900,3589.0981,322.13,1.04186,51.6,41.257
12.6000,3573.5446,297.65,1.04639,51.7,41.257
12.6100,3573.5446,291.97,1.04639,51.7,41.257
12.6200,3573.5446,282.25,1.04639,51.6,41.257
12.6300,3584.6097,309.99,1.04316,51.7,41.257
12.6400,3584.6097,307.46,1.04316,51.6,41.257
12.6500,3577.3900,305.29,1.04527,51.7,41.257
12.6600,3577.3900,298.90,1.04527,51.7,41.257
12.6700,3577.3900,305.15,1.04527,51.6,41.257
12.6800,3577.3900,303.83,1.04527,51.6,41.257
12.6900,3577.3900,294.25,1.04527,51.5,41.257
12.7000,3593.7760,294.64,1.04050,51.6,41.257
12.7100,3593.7760,283.11,1.04050,51.6,41.257
12.7200,3593.7760,289.71,1.04050,51.5,41.257
12.7300,3593.7760,307.38,1.04050,51.5,41.257
12.7400,3593.7760,283.20,1.04050,51.4,41.257
12.7500,3595.9220,292.31,1.03988,51.5,41.257
12.7600,3595.9220,285.39,1.03988,51.5,41.257
12.7700,3595.9220,282.01,1.03988,51.4,41.257
12.7800,3605.1036,284.61,1.03723,51.5,41.257
12.7900,3605.1036,287.41,1.03723,51.4,41.257
12.8000,3601.6559,277.08,1.03822,51.5,41.257
12.8100,3601.6559,283.07,1.03822,51.5,41.257
12.8200,3620.3302,287.26,1.03287,51.5,41.257
12.8300,3620.3302,298.30,1.03287,51.5,41.257
12.8400,3620.3302,285.38,1.03287,51.4,41.257
12.8500,3615.5036,293.05,1.03425,51.5,41.257
12.8600,3615.5036,286.52,1.03425,51.5,41.257
12.8700,3615.5036,285.12,1.03425,51.4,41.257
12.8800,3597.8511,283.82,1.03932,51.5,41.257
12.8900,3597.8511,283.14,1.03932,51.4,41.257
12.9000,3579.8307,280.67,1.04455,51.5,41.257
12.9100,3579.8307,292.75,1.04455,51.5,41.257
12.9200,3548.7159,291.29,1.05371,51.5,41.257
12.9300,3548.7159,293.52,1.05371,51.5,41.257
12.9400,3579.8806,295.19,1.04454,51.5,41.257
12.9500,3605.3854,289.64,1.03715,51.5,41.257
12.9600,3605.3854,310.16,1.03715,51.5,41.257
12.9700,3605.3854,308.59,1.03715,51.5,41.257
12.9800,3644.9261,310.52,1.02590,51.5,41.257
12.9900,3636.6784,292.59,1.02823,51.6,41.257
13.0000,3636.6784,301.37,1.02823,51.5,41.257
13.0100,3636.6784,300.11,1.02823,51.5,41.257
13.0200,3632.1340,298.63,1.02951,51.6,41.257
13.0300,3631.5997,305.48,1.02966,51.6,41.257
13.0400,3604.4368,316.37,1.03742,51.7,41.257
13.0500,3624.9129,306.20,1.03156,51.7,41.257
13.0600,3624.9129,304.40,1.03156,51.7,41.257
13.0700,3606.1471,294.47,1.03693,51.8,41.257
13.0800,3605.7819,302.12,1.03704,51.8,41.257
13.0900,3605.7819,302.79,1.03704,51.8,41.257
13.1000,3605.7819,293.34,1.03704,51.7,41.257
13.1100,3605.7819,299.73,1.03704,51.7,41.257
13.1200,3605.7819,308.78,1.03704,51.7,41.257
13.1300,3605.7819,300.17,1.03704,51.6,41.257
13.1400,3610.2074,305.25,1.03576,51.7,41.257
13.1500,3610.2074,313.39,1.03576,51.6,41.257
13.1600,3610.2074,290.32,1.03576,51.6,41.257
13.1700,3610.2074,293.87,1.03576,51.6,41.257
13.1800,3610.2074,291.33,1.03576,51.5,41.257
13.1900,3610.2074,304.09,1.03576,51.5,41.257
13.2000,3599.5822,304.56,1.03882,51.5,41.257
13.2100,3599.5822,312.59,1.03882,51.5,41.257
13.2200,3599.5822,304.07,1.03882,51.5,41.257
13.2300,3599.5822,316.59,1.03882,51.4,41.257
13.2400,3599.5822,305.20,1.03882,51.4,41.257
13.2500,3599.5822,314.98,1.03882,51.3,41.257
13.2600,3599.5822,305.42,1.03882,51.3,41.257
13.2700,3599.5822,287.85,1.03882,51.3,41.257
13.2800,3599.5822,295.32,1.03882,51.2,41.257
13.2900,3620.3563,293.87,1.03286,51.3,41.257
13.3000,3620.3563,297.40,1.03286,51.2,41.257
13.3100,3620.3563,294.68,1.03286,51.2,41.257
13.3200,3624.0790,297.33,1.03180,51.3,41.257
13.3300,3624.0790,287.97,1.03180,51.2,41.257
13.3400,3615.1524,300.49,1.03435,51.3,41.257
13.3500,3615.1524,306.12,1.03435,51.2,41.257
13.3600,3615.1524,311.61,1.03435,51.2,41.257
13.3700,3615.1524,317.74,1.03435,51.2,41.257
13.3800,3615.1524,306.27,1.03435,51.1,41.257
13.3900,3613.4074,290.27,1.03485,51.2,41.257
13.4000,3587.2469,321.72,1.04239,51.2,41.257
13.4100,3587.2469,315.09,1.04239,51.2,41.257
13.4200,3591.7204,313.91,1.04110,51.3,41.257
13.4300,3568.3854,309.72,1.04790,51.3,41.257
13.4400,3568.3854,308.49,1.04790,51.3,41.257
13.4500,3572.6964,290.03,1.04664,51.3,41.257
13.4600,3572.6964,295.59,1.04664,51.3,41.257
13.4700,3598.4032,304.98,1.03916,51.3,41.257
13.4800,3598.4032,302.04,1.03916,51.3,41.257
13.4900,3619.6321,311.27,1.03307,51.3,41.257
13.5000,3590.9077,304.83,1.04133,51.4,41.257
13.5100,3590.9077,310.44,1.04133,51.4,41.257
13.5200,3591.8643,294.09,1.04105,51.4,41.257
13.5300,3585.2624,302.02,1.04297,51.5,41.257
13.5400,3583.4812,304.78,1.04349,51.5,41.257
13.5500,3583.4812,307.69,1.04349,51.5,41.257
13.5600,3583.4812,313.66,1.04349,51.5,41.257
13.5700,3583.4812,314.40,1.04349,51.4,41.257
13.5800,3583.4812,326.43,1.04349,51.4,41.257
13.5900,3547.2187,311.71,1.05416,51.4,41.257
13.6000,3547.2187,313.23,1.05416,51.4,41.257
13.6100,3547.2187,325.10,1.05416,51.4,41.257
13.6200,3565.5016,310.69,1.04875,51.4,41.257
13.6300,3599.1724,309.70,1.03894,51.5,41.257
13.6400,3599.1724,310.31,1.03894,51.4,41.257
13.6500,3599.1724,315.05,1.03894,51.4,41.257
13.6600,3599.1724,309.76,1.03894,51.4,41.257
13.6700,3600.3118,301.63,1.03861,51.4,41.257
13.6800,3625.2387,311.56,1.03147,51.5,41.257
13.6900,3625.2387,295.28,1.03147,51.4,41.257
13.7000,3625.2387,303.65,1.03147,51.4,41.257
13.7100,3625.2387,299.90,1.03147,51.4,41.257
13.7200,3624.4346,285.00,1.03170,51.4,41.257
13.7300,3644.9368,283.05,1.02590,51.5,41.257
13.7400,3644.9368,304.49,1.02590,51.4,41.257
13.7500,3644.9368,299.80,1.02590,51.4,41.257
13.7600,3644.9368,304.63,1.02590,51.4,41.257
13.7700,3673.7234,313.08,1.01786,51.4,41.257
13.7800,3673.7234,300.87,1.01786,51.4,41.257
13.7900,3673.7234,299.21,1.01786,51.3,41.257
13.8000,3673.7234,307.17,1.01786,51.3,41.257
13.8100,3673.7234,303.41,1.01786,51.3,41.257
13.8200,3673.7234,289.31,1.01786,51.2,41.257
13.8300,3673.7234,294.81,1.01786,51.2,41.257
13.8400,3673.7234,303.14,1.01786,51.1,41.257
13.8500,3645.9350,292.12,1.02562,51.2,41.257
13.8600,3645.9350,311.32,1.02562,51.2,41.257
13.8700,3648.4941,315.66,1.02490,51.2,41.257
13.8800,3611.7546,298.03,1.03532,51.3,41.257
13.8900,3601.4574,293.70,1.03828,51.3,41.257
13.9000,3603.6852,298.36,1.03764,51.3,41.257
13.9100,3603.6852,294.18,1.03764,51.3,41.257
13.9200,3613.1813,301.25,1.03491,51.4,41.257
13.9300,3613.1813,302.60,1.03491,51.3,41.257
13.9400,3613.5382,314.52,1.03481,51.4,41.257
13.9500,3613.5382,298.98,1.03481,51.3,41.257
13.9600,3613.5382,291.14,1.03481,51.3,41.257
13.9700,3586.8994,302.26,1.04250,51.4,41.257
13.9800,3586.8994,309.19,1.04250,51.3,41.257
13.9900,3586.8994,301.53,1.04250,51.3,41.257
14.0000,3572.0059,298.63,1.04684,51.3,41.257
14.0100,3572.0059,309.70,1.04684,51.3,41.257
14.0200,3613.0238,304.27,1.03496,51.4,41.257
14.0300,3593.7540,314.37,1.04051,51.4,41.257
14.0400,3593.7540,318.70,1.04051,51.4,41.257
14.0500,3600.2717,321.26,1.03862,51.4,41.257
14.0600,3600.2717,307.42,1.03862,51.4,41.257
14.0700,3569.4321,286.78,1.04760,51.5,41.257
14.0800,3561.5961,299.27,1.04990,51.5,41.257
14.0900,3561.5961,310.79,1.04990,51.5,41.257
14.1000,3551.7249,324.99,1.05282,51.5,41.257
14.1100,3551.7249,327.80,1.05282,51.5,41.257
14.1200,3558.3095,307.36,1.05087,51.6,41.257
14.1300,3558.3095,307.78,1.05087,51.5,41.257
14.1400,3562.2217,312.64,1.04972,51.5,41.257
14.1500,3562.2217,305.72,1.04972,51.5,41.257
14.1600,3562.2217,310.84,1.04972,51.5,41.257
14.1700,3593.6032,323.50,1.04055,51.5,41.257
14.1800,3593.6032,305.50,1.04055,51.5,41.257
14.1900,3568.8750,305.14,1.04776,51.5,41.257
14.2000,3570.2397,301.99,1.04736,51.6,41.257
14.2100,3570.2397,318.28,1.04736,51.6,41.257
14.2200,3570.2397,294.42,1.04736,51.5,41.257
14.2300,3570.2397,297.17,1.04736,51.5,41.257
14.2400,3587.0861,303.32,1.04244,51.5,41.257
14.2500,3584.8458,291.42,1.04309,51.6,41.257
14.2600,3584.8458,306.31,1.04309,51.6,41.257
14.2700,3601.3451,309.01,1.03831,51.6,41.257
14.2800,3564.9787,294.92,1.04891,51.7,41.257
14.2900,3589.2037,309.70,1.04183,51.7,41.257
14.3000,3569.9161,290.82,1.04745,51.7,41.257
14.3100,3569.9161,308.58,1.04745,51.7,41.257
14.3200,3571.7246,308.11,1.04692,51.8,41.257
14.3300,3573.4533,326.49,1.04642,51.8,41.257
14.3400,3573.4533,314.17,1.04642,51.8,41.257
14.3500,3594.5004,326.18,1.04029,51.8,41.257
14.3600,3594.5004,306.69,1.04029,51.8,41.257
14.3700,3580.7463,312.04,1.04429,51.9,41.257
14.3800,3580.7463,291.72,1.04429,51.8,41.257
14.3900,3567.1576,318.18,1.04826,51.9,41.257
14.4000,3569.0297,328.72,1.04772,51.9,41.257
14.4100,3569.0297,308.63,1.04772,51.9,41.257
14.4200,3569.0297,296.50,1.04772,51.9,41.257
14.4300,3585.9595,299.68,1.04277,51.9,41.257
14.4400,3585.9595,305.93,1.04277,51.9,41.257
14.4500,3585.9595,308.57,1.04277,51.8,41.257
14.4600,3585.9595,316.47,1.04277,51.8,41.257
14.4700,3585.9595,306.38,1.04277,51.8,41.257
14.4800,3597.4397,296.86,1.03944,51.8,41.257
14.4900,3587.3185,288.43,1.04237,51.9,41.257
14.5000,3590.2537,296.53,1.04152,51.9,41.257
14.5100,3590.2537,289.24,1.04152,51.9,41.257
14.5200,3601.4986,287.25,1.03827,51.9,41.257
14.5300,3601.4986,285.40,1.03827,51.9,41.257
14.5400,3601.4986,292.25,1.03827,51.8,41.257
14.5500,3601.4986,277.21,1.03827,51.8,41.257
14.5600,3601.4986,265.98,1.03827,51.8,41.257
14.5700,3617.1004,282.24,1.03379,51.8,41.257
14.5800,3622.5043,283.94,1.03225,51.9,41.257
14.5900,3633.9284,301.88,1.02900,51.9,41.257
14.6000,3606.9211,283.29,1.03671,52.0,41.257
14.6100,3606.9211,289.72,1.03671,52.0,41.257
14.6200,3633.5240,288.47,1.02912,52.0,41.257
14.6300,3666.8842,283.63,1.01976,52.1,41.257
14.6400,3655.6227,284.24,1.02290,52.1,41.257
14.6500,3660.5364,296.48,1.02152,52.1,41.257
14.6600,3660.5364,288.04,1.02152,52.1,41.257
14.6700,3646.9073,301.88,1.02534,52.2,41.257
14.6800,3646.9199,295.47,1.02534,52.2,41.257
14.6900,3619.4991,300.69,1.03311,52.3,41.257
14.7000,3610.5894,293.63,1.03566,52.3,41.257
14.7100,3610.5894,287.62,1.03566,52.3,41.257
14.7200,3610.5894,287.91,1.03566,52.3,41.257
14.7300,3610.5894,298.24,1.03566,52.2,41.257
14.7400,3612.5761,272.43,1.03509,52.2,41.257
14.7500,3612.7226,297.42,1.03504,52.3,41.257
14.7600,3612.7226,291.60,1.03504,52.3,41.257
14.7700,3628.9183,285.84,1.03042,52.3,41.257
14.7800,3598.3737,276.10,1.03917,52.4,41.257
14.7900,3598.3737,278.61,1.03917,52.3,41.257
14.8000,3574.0143,286.81,1.04625,52.4,41.257
14.8100,3574.0143,294.17,1.04625,52.4,41.257
14.8200,3571.4413,272.77,1.04701,52.4,41.257
14.8300,3555.1652,263.30,1.05180,52.4,41.257
14.8400,3555.1652,266.53,1.05180,52.4,41.257
14.8500,3524.1774,286.22,1.06105,52.4,41.257
14.8600,3524.1774,316.09,1.06105,52.4,41.257
14.8700,3515.4455,305.96,1.06368,52.5,41.257
14.8800,3536.1350,298.19,1.05746,52.5,41.257
14.8900,3560.2849,297.60,1.05029,52.6,41.257
14.9000,3576.3642,289.10,1.04557,52.6,41.257
14.9100,3576.3642,266.42,1.04557,52.6,41.257
14.9200,3574.5066,281.96,1.04611,52.6,41.257
14.9300,3574.5066,296.55,1.04611,52.6,41.257
14.9400,3591.2622,278.77,1.04123,52.6,41.257
14.9500,3591.2622,276.29,1.04123,52.6,41.257
14.9600,3591.2622,266.94,1.04123,52.6,41.257
14.9700,3607.9140,277.23,1.03642,52.6,41.257
14.9800,3607.9140,276.65,1.03642,52.6,41.257
14.9900,3613.4218,291.32,1.03484,52.6,41.257
15.0000,3613.4218,306.84,1.03484,52.6,41.257
15.0100,3613.4218,320.94,1.03484,52.6,41.257
15.0200,3613.4218,282.66,1.03484,52.5,41.257
15.0300,3628.5249,284.97,1.03054,52.6,41.257
15.0400,3628.5249,283.11,1.03054,52.5,41.257
15.0500,3626.7866,292.37,1.03103,52.6,41.257
15.0600,3626.7866,296.65,1.03103,52.6,41.257
15.0700,3615.9569,293.79,1.03412,52.6,41.257
15.0800,3628.5692,280.37,1.03052,52.7,41.257
15.0900,3601.0737,288.47,1.03839,52.7,41.257
15.1000,3601.0737,295.72,1.03839,52.6,41.257
15.1100,3601.0737,283.55,1.03839,52.6,41.257
15.1200,3601.0737,271.69,1.03839,52.6,41.257
15.1300,3601.0737,279.93,1.03839,52.6,41.257
15.1400,3616.5003,292.82,1.03396,52.6,41.257
15.1500,3634.3591,279.23,1.02888,52.6,41.257
15.1600,3634.3591,288.00,1.02888,52.6,41.257
15.1700,3634.3591,287.96,1.02888,52.6,41.257
15.1800,3604.0584,274.82,1.03753,52.6,41.257
15.1900,3604.0584,274.93,1.03753,52.6,41.257
15.2000,3604.0584,278.09,1.03753,52.5,41.257
15.2100,3604.0584,285.22,1.03753,52.5,41.257
15.2200,3598.6323,271.56,1.03910,52.6,41.257
15.2300,3598.6323,291.13,1.03910,52.5,41.257
15.2400,3598.6323,279.42,1.03910,52.5,41.257
15.2500,3598.6323,300.59,1.03910,52.5,41.257
15.2600,3598.6323,299.94,1.03910,52.5,41.257
15.2700,3635.3570,278.63,1.02860,52.5,41.257
15.2800,3635.3570,281.42,1.02860,52.5,41.257
15.2900,3635.3570,288.82,1.02860,52.4,41.257
15.3000,3631.4301,297.61,1.02971,52.5,41.257
15.3100,3631.4301,288.15,1.02971,52.5,41.257
15.3200,3633.9125,288.77,1.02901,52.5,41.257
15.3300,3613.5817,277.99,1.03480,52.5,41.257
15.3400,3618.9749,289.25,1.03326,52.6,41.257
15.3500,3618.9749,276.65,1.03326,52.5,41.257
15.3600,3618.9749,299.91,1.03326,52.5,41.257
15.3700,3618.9749,288.18,1.03326,52.5,41.257
15.3800,3618.9749,287.13,1.03326,52.4,41.257
15.3900,3617.5063,299.75,1.03368,52.5,41.257
15.4000,3640.7629,300.14,1.02707,52.5,41.257
15.4100,3640.7629,312.15,1.02707,52.5,41.257
15.4200,3627.1789,304.86,1.03092,52.6,41.257
15.4300,3605.0116,301.86,1.03726,52.6,41.257
15.4400,3605.0116,307.73,1.03726,52.6,41.257
15.4500,3581.9108,310.35,1.04395,52.6,41.257
15.4600,3581.9108,329.40,1.04395,52.6,41.257
15.4700,3604.1057,328.75,1.03752,52.6,41.257
15.4800,3608.4602,302.33,1.03627,52.7,41.257
15.4900,3629.5733,305.99,1.03024,52.7,41.257
15.5000,3629.5733,315.50,1.03024,52.7,41.257
15.5100,3629.5733,311.79,1.03024,52.7,41.257
15.5200,3627.3369,315.24,1.03087,52.7,41.257
15.5300,3627.3369,320.08,1.03087,52.7,41.257
15.5400,3638.6059,305.83,1.02768,52.7,41.257
15.5500,3639.3211,311.16,1.02748,52.7,41.257
15.5600,3639.3211,306.63,1.02748,52.7,41.257
15.5700,3608.3599,312.98,1.03630,52.8,41.257
15.5800,3608.3599,309.02,1.03630,52.7,41.257
15.5900,3621.5811,309.51,1.03251,52.8,41.257
15.6000,3621.5811,304.64,1.03251,52.7,41.257
15.6100,3621.5811,316.21,1.03251,52.7,41.257
15.6200,3621.5811,296.01,1.03251,52.7,41.257
15.6300,3621.5811,282.03,1.03251,52.6,41.257
15.6400,3621.5811,290.51,1.03251,52.6,41.257
15.6500,3624.0157,287.41,1.03182,52.6,41.257
15.6600,3624.0157,287.79,1.03182,52.6,41.257
15.6700,3624.0157,302.01,1.03182,52.6,41.257
15.6800,3640.5258,307.37,1.02714,52.6,41.257
15.6900,3640.5258,297.86,1.02714,52.6,41.257
15.7000,3640.4238,301.18,1.02717,52.6,41.257
15.7100,3640.4238,294.04,1.02717,52.6,41.257
15.7200,3638.5696,302.90,1.02769,52.7,41.257
15.7300,3614.5435,308.97,1.03452,52.7,41.257
15.7400,3614.5435,315.27,1.03452,52.7,41.257
15.7500,3614.5435,317.41,1.03452,52.6,41.257
15.7600,3614.5435,313.08,1.03452,52.6,41.257
15.7700,3591.5680,308.67,1.04114,52.7,41.257
15.7800,3591.5680,305.76,1.04114,52.6,41.257
15.7900,3575.4012,318.13,1.04585,52.7,41.257
15.8000,3541.0010,320.84,1.05601,52.7,41.257
15.8100,3541.0010,305.73,1.05601,52.7,41.257
15.8200,3541.0010,294.47,1.05601,52.6,41.257
15.8300,3559.4227,302.24,1.05054,52.7,41.257
15.8400,3556.5013,313.91,1.05141,52.7,41.257
15.8500,3556.5013,292.17,1.05141,52.7,41.257
15.8600,3556.5013,298.37,1.05141,52.7,41.257
15.8700,3556.5013,293.99,1.05141,52.6,41.257
15.8800,3556.5013,279.94,1.05141,52.6,41.257
15.8900,3561.6339,272.57,1.04989,52.6,41.257
15.9000,3561.6339,275.51,1.04989,52.6,41.257
15.9100,3561.6339,289.23,1.04989,52.6,41.257
15.9200,3542.6029,304.97,1.05553,52.6,41.257
15.9300,3542.6029,300.43,1.05553,52.6,41.257
15.9400,3522.5272,292.19,1.06155,52.6,41.257
15.9500,3522.5272,288.50,1.06155,52.6,41.257
15.9600,3522.5272,289.31,1.06155,52.6,41.257
15.9700,3523.6279,289.67,1.06121,52.6,41.257
15.9800,3532.2753,301.46,1.05862,52.7,41.257
15.9900,3532.2753,293.88,1.05862,52.6,41.257
16.0000,3532.2753,299.76,1.05862,52.6,41.257
16.0100,3532.2753,296.92,1.05862,52.6,41.257
16.0200,3532.2753,283.82,1.05862,52.5,41.257
16.0300,3545.0387,277.80,1.05481,52.6,41.257
16.0400,3545.0387,285.64,1.05481,52.5,41.257
16.0500,3545.0387,303.81,1.05481,52.5,41.257
16.0600,3545.0387,283.25,1.05481,52.5,41.257
16.0700,3581.2767,279.68,1.04413,52.5,41.257
16.0800,3581.2767,282.00,1.04413,52.5,41.257
16.0900,3581.2767,274.65,1.04413,52.4,41.257
16.1000,3581.2767,296.89,1.04413,52.4,41.257
16.1100,3581.2767,313.39,1.04413,52.4,41.257
16.1200,3581.2767,315.58,1.04413,52.4,41.257
16.1300,3581.2767,297.51,1.04413,52.3,41.257
16.1400,3582.8660,298.88,1.04367,52.4,41.257
16.1500,3582.8660,300.61,1.04367,52.3,41.257
16.1600,3582.8660,286.78,1.04367,52.3,41.257
16.1700,3568.0397,296.03,1.04801,52.4,41.257
16.1800,3568.0397,323.75,1.04801,52.3,41.257
16.1900,3568.0397,318.44,1.04801,52.3,41.257
16.2000,3544.4957,313.97,1.05497,52.3,41.257
16.2100,3544.4957,311.23,1.05497,52.3,41.257
16.2200,3548.5495,299.77,1.05376,52.4,41.257
16.2300,3548.5495,283.07,1.05376,52.3,41.257
16.2400,3552.2524,285.39,1.05266,52.3,41.257
16.2500,3555.3694,295.74,1.05174,52.4,41.257
16.2600,3555.3694,311.11,1.05174,52.4,41.257
16.2700,3555.3694,302.73,1.05174,52.3,41.257
16.2800,3588.3775,291.80,1.04207,52.4,41.257
16.2900,3590.4115,299.03,1.04148,52.4,41.257
16.3000,3592.1192,284.25,1.04098,52.5,41.257
16.3100,3592.1192,290.67,1.04098,52.5,41.257
16.3200,3592.1192,282.70,1.04098,52.4,41.257
16.3300,3603.1762,285.77,1.03779,52.5,41.257
16.3400,3610.2107,275.74,1.03576,52.5,41.257
16.3500,3578.9555,290.74,1.04481,52.5,41.257
16.3600,3578.9555,307.17,1.04481,52.5,41.257
16.3700,3554.0059,284.26,1.05214,52.6,41.257
16.3800,3554.0059,282.25,1.05214,52.5,41.257
16.3900,3557.6974,283.87,1.05105,52.6,41.257
16.4000,3558.0028,302.21,1.05096,52.6,41.257
16.4100,3558.0028,289.58,1.05096,52.6,41.257
16.4200,3583.5505,300.22,1.04347,52.6,41.257
16.4300,3583.5505,305.48,1.04347,52.6,41.257
16.4400,3583.5505,303.78,1.04347,52.5,41.257
16.4500,3583.5505,312.67,1.04347,52.5,41.257
16.4600,3583.5505,316.15,1.04347,52.5,41.257
16.4700,3579.1809,329.67,1.04474,52.5,41.257
16.4800,3571.0059,307.53,1.04714,52.6,41.257
16.4900,3533.7264,302.52,1.05818,52.6,41.257
16.5000,3535.5891,312.81,1.05762,52.7,41.257
16.5100,3535.5891,317.92,1.05762,52.7,41.257
16.5200,3519.7002,288.84,1.06240,52.7,41.257
16.5300,3519.7002,306.53,1.06240,52.6,41.257
16.5400,3519.7002,298.89,1.06240,52.6,41.257
16.5500,3519.7002,302.20,1.06240,52.6,41.257
16.5600,3519.7002,299.87,1.06240,52.6,41.257
16.5700,3519.7002,291.67,1.06240,52.5,41.257
16.5800,3523.6505,305.59,1.06121,52.6,41.257
16.5900,3509.7431,293.75,1.06541,52.6,41.257
16.6000,3509.7431,303.20,1.06541,52.6,41.257
16.6100,3509.7431,300.87,1.06541,52.6,41.257
16.6200,3471.1276,309.51,1.07727,52.6,41.257
16.6300,3471.1276,296.53,1.07727,52.6,41.257
16.6400,3477.9598,282.22,1.07515,52.6,41.257
16.6500,3489.2720,286.37,1.07166,52.6,41.257
16.6600,3489.2720,295.82,1.07166,52.6,41.257
16.6700,3489.6367,279.11,1.07155,52.7,41.257
16.6800,3489.6367,299.73,1.07155,52.6,41.257
16.6900,3489.6367,317.41,1.07155,52.6,41.257
16.7000,3492.8497,302.65,1.07057,52.6,41.257
16.7100,3492.8497,305.72,1.07057,52.6,41.257
16.7200,3492.8497,299.13,1.07057,52.6,41.257
16.7300,3492.8497,311.53,1.07057,52.5,41.257
16.7400,3457.3568,325.18,1.08156,52.6,41.257
16.7500,3457.3568,310.11,1.08156,52.5,41.257
16.7600,3457.3568,302.77,1.08156,52.5,41.257
16.7700,3449.1249,301.49,1.08414,52.6,41.257
16.7800,3449.1249,306.88,1.08414,52.5,41.257
16.7900,3449.1249,304.89,1.08414,52.5,41.257
16.8000,3449.1249,302.08,1.08414,52.5,41.257
16.8100,3449.1249,302.73,1.08414,52.5,41.257
16.8200,3447.2053,288.87,1.08474,52.5,41.257
16.8300,3456.3156,298.55,1.08188,52.5,41.257
16.8400,3459.0443,316.44,1.08103,52.6,41.257
16.8500,3492.3187,315.81,1.07073,52.6,41.257
16.8600,3492.3187,292.21,1.07073,52.6,41.257
16.8700,3511.6050,289.37,1.06485,52.6,41.257
16.8800,3511.6050,301.40,1.06485,52.6,41.257
16.8900,3511.6050,311.04,1.06485,52.6,41.257
16.9000,3511.6050,311.92,1.06485,52.5,41.257
16.9100,3511.6050,315.54,1.06485,52.5,41.257
16.9200,3511.6050,330.22,1.06485,52.5,41.257
16.9300,3490.1247,321.55,1.07140,52.5,41.257
16.9400,3491.2283,303.85,1.07106,52.5,41.257
16.9500,3491.2283,315.57,1.07106,52.5,41.257
16.9600,3491.2283,305.45,1.07106,52.5,41.257
16.9700,3501.8936,299.60,1.06780,52.5,41.257
16.9800,3501.8936,299.87,1.06780,52.5,41.257
16.9900,3501.8936,319.42,1.06780,52.5,41.257
17.0000,3484.2301,313.90,1.07321,52.5,41.257
17.0100,3484.2301,322.89,1.07321,52.5,41.257
17.0200,3446.1419,310.46,1.08508,52.5,41.257
17.0300,3461.0307,310.10,1.08041,52.6,41.257
17.0400,3465.0873,303.78,1.07914,52.6,41.257
17.0500,3462.5073,323.77,1.07995,52.6,41.257
17.0600,3462.5073,321.81,1.07995,52.6,41.257
17.0700,3462.5073,313.19,1.07995,52.6,41.257
17.0800,3462.5073,314.64,1.07995,52.6,41.257
17.0900,3462.5073,311.68,1.07995,52.5,41.257
17.1000,3462.5073,318.46,1.07995,52.5,41.257
17.1100,3462.5073,305.77,1.07995,52.5,41.257
17.1200,3457.2984,304.36,1.08157,52.5,41.257
17.1300,3457.2984,300.82,1.08157,52.5,41.257
17.1400,3457.2115,302.26,1.08160,52.5,41.257
17.1500,3457.2115,305.61,1.08160,52.5,41.257
17.1600,3457.2115,306.64,1.08160,52.5,41.257
17.1700,3442.4907,306.63,1.08623,52.5,41.257
17.1800,3404.8556,314.78,1.09823,52.5,41.257
17.1900,3404.8556,319.72,1.09823,52.5,41.257
17.2000,3418.6618,297.18,1.09380,52.5,41.257
17.2100,3418.6618,297.70,1.09380,52.5,41.257
17.2200,3421.2454,296.77,1.09297,52.6,41.257
17.2300,3421.2454,277.34,1.09297,52.5,41.257
17.2400,3410.9731,307.94,1.09626,52.6,41.257
17.2500,3427.2960,301.85,1.09104,52.6,41.257
17.2600,3427.2960,282.84,1.09104,52.6,41.257
17.2700,3426.0753,303.43,1.09143,52.6,41.257
17.2800,3454.0129,301.54,1.08260,52.7,41.257
17.2900,3464.7743,319.43,1.07924,52.7,41.257
17.3000,3464.7743,312.83,1.07924,52.7,41.257
17.3100,3464.7743,303.97,1.07924,52.7,41.257
17.3200,3480.5075,292.49,1.07436,52.7,41.257
17.3300,3466.2063,282.40,1.07880,52.7,41.257
17.3400,3466.2063,286.10,1.07880,52.7,41.257
17.3500,3463.4032,306.18,1.07967,52.7,41.257
17.3600,3463.4032,294.37,1.07967,52.7,41.257
17.3700,3463.4032,293.89,1.07967,52.7,41.257
17.3800,3463.4032,304.45,1.07967,52.7,41.257
17.3900,3444.6403,302.73,1.08555,52.7,41.257
17.4000,3444.6403,313.20,1.08555,52.7,41.257
17.4100,3444.6403,291.04,1.08555,52.7,41.257
17.4200,3444.6403,294.67,1.08555,52.6,41.257
17.4300,3444.6403,279.87,1.08555,52.6,41.257
17.4400,3438.9514,289.21,1.08734,52.6,41.257
17.4500,3435.2121,289.41,1.08853,52.7,41.257
17.4600,3435.2121,306.43,1.08853,52.7,41.257
17.4700,3435.2121,327.10,1.08853,52.6,41.257
17.4800,3450.0851,308.96,1.08384,52.6,41.257
17.4900,3447.7142,293.08,1.08458,52.7,41.257
17.5000,3447.7142,296.12,1.08458,52.6,41.257
17.5100,3447.7142,315.66,1.08458,52.6,41.257
17.5200,3463.2740,296.15,1.07971,52.7,41.257
17.5300,3463.2740,295.95,1.07971,52.6,41.257
17.5400,3453.6794,317.51,1.08271,52.7,41.257
17.5500,3450.7938,318.88,1.08361,52.7,41.257
17.5600,3450.7938,312.77,1.08361,52.7,41.257
17.5700,3450.7938,312.87,1.08361,52.7,41.257
17.5800,3450.7938,302.42,1.08361,52.6,41.257
